/* AUTO-GENERATED by tools/weather_icons/generate.py. 不要手改。 */
#include "qweather_i1_assets.h"

static const uint8_t qweather_100_small_map[] = {
    0xff, 0xff, 0xff, 0xff, 0x00, 0x00, 0x00, 0xff, 0x00, 0x00, 0x00, 0x00, 0x00, 0x00, 0x00, 0x00, 0x00, 0x00,
    0x00, 0x00, 0x00, 0x00, 0x00, 0x00, 0x00, 0x00, 0x00, 0x00, 0x01, 0x00, 0x00, 0x00, 0x01, 0x00, 0x00, 0x00,
    0x20, 0x08, 0x00, 0x00, 0x13, 0x90, 0x00, 0x00, 0x07, 0xc0, 0x00, 0x00, 0x0f, 0xe0, 0x00, 0x00, 0x1f, 0xf0,
    0x00, 0x00, 0xdf, 0xf6, 0x00, 0x00, 0x1f, 0xf0, 0x00, 0x00, 0x0f, 0xe0, 0x00, 0x00, 0x07, 0xc0, 0x00, 0x00,
    0x13, 0x90, 0x00, 0x00, 0x20, 0x08, 0x00, 0x00, 0x01, 0x00, 0x00, 0x00, 0x01, 0x00, 0x00, 0x00
};

static const lv_image_dsc_t qweather_100_small = {
  .header = {
    .magic = LV_IMAGE_HEADER_MAGIC,
    .cf = LV_COLOR_FORMAT_I1,
    .flags = 0,
    .w = 20,
    .h = 20,
    .stride = 4,
    .reserved_2 = 0,
  },
  .data_size = 88,
  .data = qweather_100_small_map,
  .reserved = NULL,
};

static const uint8_t qweather_100_large_map[] = {
    0xff, 0xff, 0xff, 0xff, 0x00, 0x00, 0x00, 0xff, 0x00, 0x00, 0x00, 0x00, 0x00, 0x00, 0x00, 0x00, 0x00, 0x00, 0x00,
    0x00, 0x00, 0x00, 0x00, 0x00, 0x00, 0x00, 0x00, 0x00, 0x00, 0x00, 0x00, 0x00, 0x00, 0x00, 0x00, 0x00, 0x00, 0x00,
    0x00, 0x00, 0x00, 0x00, 0x00, 0x00, 0x00, 0x00, 0x00, 0x00, 0x00, 0x00, 0x00, 0x00, 0x00, 0x00, 0x00, 0x00, 0x00,
    0x00, 0x00, 0x00, 0x00, 0x00, 0x00, 0x00, 0x00, 0x00, 0x00, 0x00, 0x00, 0x00, 0x00, 0x00, 0x00, 0x00, 0x00, 0x00,
    0x00, 0x00, 0x00, 0x00, 0x00, 0x00, 0x00, 0x00, 0x00, 0x00, 0x00, 0x00, 0x00, 0x00, 0x00, 0x00, 0x00, 0x00, 0x00,
    0x00, 0x00, 0x00, 0x00, 0x00, 0x00, 0x00, 0x00, 0x00, 0x00, 0x00, 0x60, 0x00, 0x00, 0x00, 0x00, 0x00, 0x00, 0x00,
    0x60, 0x00, 0x00, 0x00, 0x00, 0x00, 0x00, 0x00, 0x60, 0x00, 0x00, 0x00, 0x00, 0x00, 0x00, 0x00, 0x60, 0x00, 0x00,
    0x00, 0x00, 0x00, 0x00, 0x00, 0x60, 0x00, 0x00, 0x00, 0x00, 0x00, 0x06, 0x00, 0x00, 0x06, 0x00, 0x00, 0x00, 0x00,
    0x07, 0x00, 0x00, 0x0e, 0x00, 0x00, 0x00, 0x00, 0x03, 0x80, 0x00, 0x1c, 0x00, 0x00, 0x00, 0x00, 0x01, 0xc1, 0xf8,
    0x18, 0x00, 0x00, 0x00, 0x00, 0x00, 0x87, 0xfe, 0x10, 0x00, 0x00, 0x00, 0x00, 0x00, 0x1f, 0xff, 0x80, 0x00, 0x00,
    0x00, 0x00, 0x00, 0x3f, 0xff, 0xc0, 0x00, 0x00, 0x00, 0x00, 0x00, 0x3f, 0xff, 0xc0, 0x00, 0x00, 0x00, 0x00, 0x00,
    0x7f, 0xff, 0xe0, 0x00, 0x00, 0x00, 0x00, 0x00, 0x7f, 0xff, 0xe0, 0x00, 0x00, 0x00, 0x00, 0x00, 0xff, 0xff, 0xf0,
    0x00, 0x00, 0x00, 0x00, 0x00, 0xff, 0xff, 0xf0, 0x00, 0x00, 0x00, 0x00, 0xf8, 0xff, 0xff, 0xf1, 0xf0, 0x00, 0x00,
    0x00, 0xf8, 0xff, 0xff, 0xf1, 0xf0, 0x00, 0x00, 0x00, 0x00, 0xff, 0xff, 0xf0, 0x00, 0x00, 0x00, 0x00, 0x00, 0xff,
    0xff, 0xf0, 0x00, 0x00, 0x00, 0x00, 0x00, 0x7f, 0xff, 0xe0, 0x00, 0x00, 0x00, 0x00, 0x00, 0x7f, 0xff, 0xe0, 0x00,
    0x00, 0x00, 0x00, 0x00, 0x3f, 0xff, 0xc0, 0x00, 0x00, 0x00, 0x00, 0x00, 0x3f, 0xff, 0xc0, 0x00, 0x00, 0x00, 0x00,
    0x00, 0x1f, 0xff, 0x80, 0x00, 0x00, 0x00, 0x00, 0x00, 0x87, 0xfe, 0x10, 0x00, 0x00, 0x00, 0x00, 0x01, 0xc1, 0xf8,
    0x38, 0x00, 0x00, 0x00, 0x00, 0x03, 0x80, 0x00, 0x1c, 0x00, 0x00, 0x00, 0x00, 0x07, 0x00, 0x00, 0x0e, 0x00, 0x00,
    0x00, 0x00, 0x06, 0x00, 0x00, 0x06, 0x00, 0x00, 0x00, 0x00, 0x00, 0x00, 0x60, 0x00, 0x00, 0x00, 0x00, 0x00, 0x00,
    0x00, 0x60, 0x00, 0x00, 0x00, 0x00, 0x00, 0x00, 0x00, 0x60, 0x00, 0x00, 0x00, 0x00, 0x00, 0x00, 0x00, 0x60, 0x00,
    0x00, 0x00, 0x00, 0x00, 0x00, 0x00, 0x60, 0x00, 0x00, 0x00, 0x00, 0x00
};

static const lv_image_dsc_t qweather_100_large = {
  .header = {
    .magic = LV_IMAGE_HEADER_MAGIC,
    .cf = LV_COLOR_FORMAT_I1,
    .flags = 0,
    .w = 48,
    .h = 48,
    .stride = 8,
    .reserved_2 = 0,
  },
  .data_size = 392,
  .data = qweather_100_large_map,
  .reserved = NULL,
};

static const uint8_t qweather_101_small_map[] = {
    0xff, 0xff, 0xff, 0xff, 0x00, 0x00, 0x00, 0xff, 0x00, 0x00, 0x00, 0x00, 0x00, 0x00, 0x00, 0x00, 0x00, 0x00,
    0x00, 0x00, 0x00, 0x00, 0x00, 0x00, 0x00, 0x00, 0x00, 0x00, 0x08, 0x00, 0x00, 0x00, 0x08, 0x80, 0x00, 0x00,
    0x00, 0x00, 0x00, 0x00, 0x4f, 0x00, 0x00, 0x00, 0x10, 0xa0, 0x00, 0x00, 0x10, 0x00, 0x00, 0x00, 0x50, 0x00,
    0x00, 0x00, 0x07, 0xe0, 0x00, 0x00, 0x0f, 0xf0, 0x00, 0x00, 0x3f, 0xfc, 0x00, 0x00, 0x7f, 0xfe, 0x00, 0x00,
    0x7f, 0xfe, 0x00, 0x00, 0x7f, 0xfe, 0x00, 0x00, 0x1f, 0xf8, 0x00, 0x00, 0x03, 0xc0, 0x00, 0x00
};

static const lv_image_dsc_t qweather_101_small = {
  .header = {
    .magic = LV_IMAGE_HEADER_MAGIC,
    .cf = LV_COLOR_FORMAT_I1,
    .flags = 0,
    .w = 20,
    .h = 20,
    .stride = 4,
    .reserved_2 = 0,
  },
  .data_size = 88,
  .data = qweather_101_small_map,
  .reserved = NULL,
};

static const uint8_t qweather_101_large_map[] = {
    0xff, 0xff, 0xff, 0xff, 0x00, 0x00, 0x00, 0xff, 0x00, 0x00, 0x00, 0x00, 0x00, 0x00, 0x00, 0x00, 0x00, 0x00, 0x00,
    0x00, 0x00, 0x00, 0x00, 0x00, 0x00, 0x00, 0x00, 0x00, 0x00, 0x00, 0x00, 0x00, 0x00, 0x00, 0x00, 0x00, 0x00, 0x00,
    0x00, 0x00, 0x00, 0x00, 0x00, 0x00, 0x00, 0x00, 0x00, 0x00, 0x00, 0x00, 0x00, 0x00, 0x00, 0x00, 0x00, 0x00, 0x00,
    0x00, 0x00, 0x00, 0x00, 0x00, 0x00, 0x00, 0x00, 0x00, 0x00, 0x00, 0x00, 0x00, 0x00, 0x00, 0x00, 0x00, 0x00, 0x00,
    0x00, 0x00, 0x00, 0x00, 0x00, 0x00, 0x00, 0x00, 0x00, 0x00, 0x00, 0x00, 0x00, 0x00, 0x00, 0x00, 0x00, 0x00, 0x00,
    0x00, 0x00, 0x00, 0x00, 0x00, 0x00, 0x00, 0x00, 0x00, 0x00, 0x30, 0x00, 0x00, 0x00, 0x00, 0x00, 0x00, 0x00, 0x30,
    0x00, 0x00, 0x00, 0x00, 0x00, 0x00, 0x00, 0x38, 0x0c, 0x00, 0x00, 0x00, 0x00, 0x00, 0x00, 0x18, 0x1c, 0x00, 0x00,
    0x00, 0x00, 0x00, 0x00, 0x18, 0x1c, 0x00, 0x00, 0x00, 0x00, 0x00, 0x00, 0x00, 0x18, 0x00, 0x00, 0x00, 0x00, 0x00,
    0x30, 0x0f, 0x00, 0x00, 0x00, 0x00, 0x00, 0x00, 0x3c, 0x3f, 0xe0, 0x00, 0x00, 0x00, 0x00, 0x00, 0x1c, 0xff, 0xf0,
    0x00, 0x00, 0x00, 0x00, 0x00, 0x00, 0xe0, 0x78, 0x00, 0x00, 0x00, 0x00, 0x00, 0x01, 0xc0, 0x38, 0x70, 0x00, 0x00,
    0x00, 0x00, 0x01, 0x80, 0x1d, 0xf0, 0x00, 0x00, 0x00, 0x00, 0x03, 0x80, 0x1c, 0xe0, 0x00, 0x00, 0x00, 0x00, 0x03,
    0x80, 0x00, 0x00, 0x00, 0x00, 0x00, 0x00, 0x03, 0x80, 0x00, 0x00, 0x00, 0x00, 0x00, 0x00, 0x33, 0x80, 0x00, 0x00,
    0x00, 0x00, 0x00, 0x00, 0xf9, 0x81, 0xfe, 0x00, 0x00, 0x00, 0x00, 0x00, 0xf1, 0x07, 0xff, 0x80, 0x00, 0x00, 0x00,
    0x00, 0x00, 0x0f, 0xff, 0xc0, 0x00, 0x00, 0x00, 0x00, 0x00, 0x1f, 0xff, 0xe0, 0x00, 0x00, 0x00, 0x00, 0x00, 0x3f,
    0xff, 0xf0, 0x00, 0x00, 0x00, 0x00, 0x03, 0xff, 0xff, 0xff, 0x80, 0x00, 0x00, 0x00, 0x0f, 0xff, 0xff, 0xff, 0xc0,
    0x00, 0x00, 0x00, 0x1f, 0xff, 0xff, 0xff, 0xe0, 0x00, 0x00, 0x00, 0x1f, 0xff, 0xff, 0xff, 0xe0, 0x00, 0x00, 0x00,
    0x3f, 0xff, 0xff, 0xff, 0xf0, 0x00, 0x00, 0x00, 0x3f, 0xff, 0xff, 0xff, 0xf0, 0x00, 0x00, 0x00, 0x3f, 0xff, 0xff,
    0xff, 0xf0, 0x00, 0x00, 0x00, 0x1f, 0xff, 0xff, 0xff, 0xf0, 0x00, 0x00, 0x00, 0x1f, 0xff, 0xff, 0xff, 0xe0, 0x00,
    0x00, 0x00, 0x0f, 0xff, 0xff, 0xff, 0xe0, 0x00, 0x00, 0x00, 0x07, 0xff, 0xff, 0xff, 0xc0, 0x00, 0x00, 0x00, 0x03,
    0xff, 0xff, 0xff, 0x00, 0x00, 0x00, 0x00, 0x00, 0x0f, 0xff, 0xc0, 0x00, 0x00, 0x00, 0x00, 0x00, 0x03, 0xff, 0x00,
    0x00, 0x00, 0x00, 0x00, 0x00, 0x00, 0xfc, 0x00, 0x00, 0x00, 0x00, 0x00
};

static const lv_image_dsc_t qweather_101_large = {
  .header = {
    .magic = LV_IMAGE_HEADER_MAGIC,
    .cf = LV_COLOR_FORMAT_I1,
    .flags = 0,
    .w = 48,
    .h = 48,
    .stride = 8,
    .reserved_2 = 0,
  },
  .data_size = 392,
  .data = qweather_101_large_map,
  .reserved = NULL,
};

static const uint8_t qweather_102_small_map[] = {
    0xff, 0xff, 0xff, 0xff, 0x00, 0x00, 0x00, 0xff, 0x00, 0x00, 0x00, 0x00, 0x00, 0x00, 0x00, 0x00, 0x00, 0x00,
    0x00, 0x00, 0x00, 0x00, 0x00, 0x00, 0x00, 0x00, 0x00, 0x00, 0x01, 0x00, 0x00, 0x00, 0x01, 0x00, 0x00, 0x00,
    0x20, 0x08, 0x00, 0x00, 0x13, 0x90, 0x00, 0x00, 0x07, 0xc0, 0x00, 0x00, 0x0f, 0xe0, 0x00, 0x00, 0x1f, 0xf0,
    0x00, 0x00, 0xdf, 0xf6, 0x00, 0x00, 0x1f, 0xe0, 0x00, 0x00, 0x0f, 0x20, 0x00, 0x00, 0x04, 0x88, 0x00, 0x00,
    0x12, 0x02, 0x00, 0x00, 0x20, 0x02, 0x00, 0x00, 0x02, 0x8a, 0x00, 0x00, 0x00, 0x70, 0x00, 0x00
};

static const lv_image_dsc_t qweather_102_small = {
  .header = {
    .magic = LV_IMAGE_HEADER_MAGIC,
    .cf = LV_COLOR_FORMAT_I1,
    .flags = 0,
    .w = 20,
    .h = 20,
    .stride = 4,
    .reserved_2 = 0,
  },
  .data_size = 88,
  .data = qweather_102_small_map,
  .reserved = NULL,
};

static const uint8_t qweather_102_large_map[] = {
    0xff, 0xff, 0xff, 0xff, 0x00, 0x00, 0x00, 0xff, 0x00, 0x00, 0x00, 0x00, 0x00, 0x00, 0x00, 0x00, 0x00, 0x00, 0x00,
    0x00, 0x00, 0x00, 0x00, 0x00, 0x00, 0x00, 0x00, 0x00, 0x00, 0x00, 0x00, 0x00, 0x00, 0x00, 0x00, 0x00, 0x00, 0x00,
    0x00, 0x00, 0x00, 0x00, 0x00, 0x00, 0x00, 0x00, 0x00, 0x00, 0x00, 0x00, 0x00, 0x00, 0x00, 0x00, 0x00, 0x00, 0x00,
    0x00, 0x00, 0x00, 0x00, 0x00, 0x00, 0x00, 0x00, 0x00, 0x00, 0x00, 0x00, 0x00, 0x00, 0x00, 0x00, 0x00, 0x00, 0x00,
    0x00, 0x00, 0x00, 0x00, 0x00, 0x00, 0x00, 0x00, 0x00, 0x00, 0x00, 0x00, 0x00, 0x00, 0x00, 0x00, 0x00, 0x00, 0x00,
    0x00, 0x00, 0x00, 0x00, 0x00, 0x00, 0x00, 0x00, 0x00, 0x00, 0x00, 0x60, 0x00, 0x00, 0x00, 0x00, 0x00, 0x00, 0x00,
    0x60, 0x00, 0x00, 0x00, 0x00, 0x00, 0x00, 0x00, 0x60, 0x00, 0x00, 0x00, 0x00, 0x00, 0x00, 0x00, 0x60, 0x00, 0x00,
    0x00, 0x00, 0x00, 0x00, 0x00, 0x60, 0x00, 0x00, 0x00, 0x00, 0x00, 0x06, 0x00, 0x00, 0x06, 0x00, 0x00, 0x00, 0x00,
    0x07, 0x00, 0x00, 0x0e, 0x00, 0x00, 0x00, 0x00, 0x03, 0x80, 0x00, 0x1c, 0x00, 0x00, 0x00, 0x00, 0x01, 0xc3, 0xfc,
    0x38, 0x00, 0x00, 0x00, 0x00, 0x00, 0x0f, 0xff, 0x10, 0x00, 0x00, 0x00, 0x00, 0x00, 0x1f, 0xff, 0x80, 0x00, 0x00,
    0x00, 0x00, 0x00, 0x3f, 0xff, 0xc0, 0x00, 0x00, 0x00, 0x00, 0x00, 0x7f, 0xff, 0xc0, 0x00, 0x00, 0x00, 0x00, 0x00,
    0x7f, 0xff, 0xe0, 0x00, 0x00, 0x00, 0x00, 0x00, 0x7f, 0xff, 0xe0, 0x00, 0x00, 0x00, 0x00, 0x00, 0xff, 0xff, 0xf0,
    0x00, 0x00, 0x00, 0x00, 0x00, 0xff, 0xff, 0xf0, 0x00, 0x00, 0x00, 0x00, 0xf8, 0xff, 0xff, 0xf1, 0xf0, 0x00, 0x00,
    0x00, 0xf8, 0xff, 0xff, 0xf1, 0xf0, 0x00, 0x00, 0x00, 0x00, 0xff, 0xff, 0xf0, 0x00, 0x00, 0x00, 0x00, 0x00, 0xff,
    0xfe, 0x30, 0x00, 0x00, 0x00, 0x00, 0x00, 0x7f, 0xf0, 0x00, 0x00, 0x00, 0x00, 0x00, 0x00, 0x7f, 0xe0, 0x00, 0x00,
    0x00, 0x00, 0x00, 0x00, 0x3f, 0xc7, 0xf0, 0x00, 0x00, 0x00, 0x00, 0x00, 0x3e, 0x0e, 0x38, 0x00, 0x00, 0x00, 0x00,
    0x00, 0x1c, 0x78, 0x0f, 0x00, 0x00, 0x00, 0x00, 0x00, 0x81, 0xf8, 0x07, 0xc0, 0x00, 0x00, 0x00, 0x01, 0xc3, 0x80,
    0x00, 0x60, 0x00, 0x00, 0x00, 0x03, 0x83, 0x00, 0x00, 0x30, 0x00, 0x00, 0x00, 0x07, 0x02, 0x00, 0x00, 0x30, 0x00,
    0x00, 0x00, 0x06, 0x02, 0x00, 0x00, 0x30, 0x00, 0x00, 0x00, 0x00, 0x03, 0x00, 0x00, 0x30, 0x00, 0x00, 0x00, 0x00,
    0x03, 0x98, 0x06, 0xe0, 0x00, 0x00, 0x00, 0x00, 0x01, 0xfc, 0x1f, 0xc0, 0x00, 0x00, 0x00, 0x00, 0x00, 0x07, 0xf8,
    0x00, 0x00, 0x00, 0x00, 0x00, 0x00, 0x03, 0xe0, 0x00, 0x00, 0x00, 0x00
};

static const lv_image_dsc_t qweather_102_large = {
  .header = {
    .magic = LV_IMAGE_HEADER_MAGIC,
    .cf = LV_COLOR_FORMAT_I1,
    .flags = 0,
    .w = 48,
    .h = 48,
    .stride = 8,
    .reserved_2 = 0,
  },
  .data_size = 392,
  .data = qweather_102_large_map,
  .reserved = NULL,
};

static const uint8_t qweather_103_small_map[] = {
    0xff, 0xff, 0xff, 0xff, 0x00, 0x00, 0x00, 0xff, 0x00, 0x00, 0x00, 0x00, 0x00, 0x00, 0x00, 0x00, 0x00, 0x00,
    0x00, 0x00, 0x00, 0x00, 0x00, 0x00, 0x00, 0x00, 0x00, 0x00, 0x01, 0x00, 0x00, 0x00, 0x01, 0x00, 0x00, 0x00,
    0x20, 0x08, 0x00, 0x00, 0x13, 0x90, 0x00, 0x00, 0x0f, 0xe0, 0x00, 0x00, 0x0f, 0xe0, 0x00, 0x00, 0x1f, 0xf0,
    0x00, 0x00, 0xdf, 0xf6, 0x00, 0x00, 0x0f, 0x20, 0x00, 0x00, 0x0c, 0x40, 0x00, 0x00, 0x01, 0xb8, 0x00, 0x00,
    0x0c, 0x06, 0x00, 0x00, 0x20, 0x02, 0x00, 0x00, 0x28, 0x06, 0x00, 0x00, 0x07, 0xe8, 0x00, 0x00
};

static const lv_image_dsc_t qweather_103_small = {
  .header = {
    .magic = LV_IMAGE_HEADER_MAGIC,
    .cf = LV_COLOR_FORMAT_I1,
    .flags = 0,
    .w = 20,
    .h = 20,
    .stride = 4,
    .reserved_2 = 0,
  },
  .data_size = 88,
  .data = qweather_103_small_map,
  .reserved = NULL,
};

static const uint8_t qweather_103_large_map[] = {
    0xff, 0xff, 0xff, 0xff, 0x00, 0x00, 0x00, 0xff, 0x00, 0x00, 0x00, 0x00, 0x00, 0x00, 0x00, 0x00, 0x00, 0x00, 0x00,
    0x00, 0x00, 0x00, 0x00, 0x00, 0x00, 0x00, 0x00, 0x00, 0x00, 0x00, 0x00, 0x00, 0x00, 0x00, 0x00, 0x00, 0x00, 0x00,
    0x00, 0x00, 0x00, 0x00, 0x00, 0x00, 0x00, 0x00, 0x00, 0x00, 0x00, 0x00, 0x00, 0x00, 0x00, 0x00, 0x00, 0x00, 0x00,
    0x00, 0x00, 0x00, 0x00, 0x00, 0x00, 0x00, 0x00, 0x00, 0x00, 0x00, 0x00, 0x00, 0x00, 0x00, 0x00, 0x00, 0x00, 0x00,
    0x00, 0x00, 0x00, 0x00, 0x00, 0x00, 0x00, 0x00, 0x00, 0x00, 0x00, 0x00, 0x00, 0x00, 0x00, 0x00, 0x00, 0x00, 0x00,
    0x00, 0x00, 0x00, 0x00, 0x00, 0x00, 0x00, 0x00, 0x00, 0x00, 0x00, 0x60, 0x00, 0x00, 0x00, 0x00, 0x00, 0x00, 0x00,
    0x60, 0x00, 0x00, 0x00, 0x00, 0x00, 0x00, 0x00, 0x60, 0x00, 0x00, 0x00, 0x00, 0x00, 0x00, 0x00, 0x60, 0x00, 0x00,
    0x00, 0x00, 0x00, 0x00, 0x00, 0x60, 0x00, 0x00, 0x00, 0x00, 0x00, 0x06, 0x00, 0x00, 0x06, 0x00, 0x00, 0x00, 0x00,
    0x07, 0x00, 0x00, 0x0e, 0x00, 0x00, 0x00, 0x00, 0x03, 0x80, 0x00, 0x1c, 0x00, 0x00, 0x00, 0x00, 0x01, 0xc3, 0xfc,
    0x38, 0x00, 0x00, 0x00, 0x00, 0x00, 0x8f, 0xff, 0x10, 0x00, 0x00, 0x00, 0x00, 0x00, 0x1f, 0xff, 0x80, 0x00, 0x00,
    0x00, 0x00, 0x00, 0x3f, 0xff, 0xc0, 0x00, 0x00, 0x00, 0x00, 0x00, 0x7f, 0xff, 0xe0, 0x00, 0x00, 0x00, 0x00, 0x00,
    0x7f, 0xff, 0xe0, 0x00, 0x00, 0x00, 0x00, 0x00, 0x7f, 0xff, 0xe0, 0x00, 0x00, 0x00, 0x00, 0x00, 0xff, 0xff, 0xf0,
    0x00, 0x00, 0x00, 0x00, 0x00, 0xff, 0xff, 0xf0, 0x00, 0x00, 0x00, 0x00, 0xf8, 0xff, 0xff, 0xf3, 0xf0, 0x00, 0x00,
    0x00, 0xf8, 0xff, 0xff, 0xf3, 0xf0, 0x00, 0x00, 0x00, 0x00, 0xff, 0xff, 0xf0, 0x00, 0x00, 0x00, 0x00, 0x00, 0x7f,
    0xf0, 0x60, 0x00, 0x00, 0x00, 0x00, 0x00, 0x7f, 0x80, 0x00, 0x00, 0x00, 0x00, 0x00, 0x00, 0x3f, 0x00, 0x00, 0x00,
    0x00, 0x00, 0x00, 0x00, 0x30, 0x1f, 0xe0, 0x00, 0x00, 0x00, 0x00, 0x00, 0x00, 0x7f, 0xf0, 0x00, 0x00, 0x00, 0x00,
    0x00, 0x07, 0xf0, 0x3f, 0x80, 0x00, 0x00, 0x00, 0x00, 0x1f, 0xc0, 0x0f, 0xc0, 0x00, 0x00, 0x00, 0x00, 0x3c, 0x00,
    0x00, 0xe0, 0x00, 0x00, 0x00, 0x03, 0xf0, 0x00, 0x00, 0x70, 0x00, 0x00, 0x00, 0x07, 0xe0, 0x00, 0x00, 0x30, 0x00,
    0x00, 0x00, 0x06, 0x00, 0x00, 0x00, 0x30, 0x00, 0x00, 0x00, 0x06, 0x00, 0x00, 0x00, 0x70, 0x00, 0x00, 0x00, 0x07,
    0x70, 0x00, 0x18, 0xe0, 0x00, 0x00, 0x00, 0x07, 0xfc, 0xf0, 0x7f, 0xc0, 0x00, 0x00, 0x00, 0x01, 0x9f, 0xff, 0xff,
    0x80, 0x00, 0x00, 0x00, 0x00, 0x07, 0x0f, 0xc0, 0x00, 0x00, 0x00, 0x00
};

static const lv_image_dsc_t qweather_103_large = {
  .header = {
    .magic = LV_IMAGE_HEADER_MAGIC,
    .cf = LV_COLOR_FORMAT_I1,
    .flags = 0,
    .w = 48,
    .h = 48,
    .stride = 8,
    .reserved_2 = 0,
  },
  .data_size = 392,
  .data = qweather_103_large_map,
  .reserved = NULL,
};

static const uint8_t qweather_104_small_map[] = {
    0xff, 0xff, 0xff, 0xff, 0x00, 0x00, 0x00, 0xff, 0x00, 0x00, 0x00, 0x00, 0x00, 0x00, 0x00, 0x00, 0x00, 0x00,
    0x00, 0x00, 0x00, 0x00, 0x00, 0x00, 0x00, 0x00, 0x00, 0x00, 0x00, 0x00, 0x00, 0x00, 0x00, 0x00, 0x00, 0x00,
    0x00, 0x80, 0x00, 0x00, 0x02, 0x60, 0x00, 0x00, 0x0c, 0x18, 0x00, 0x00, 0x10, 0x04, 0x00, 0x00, 0x07, 0xc4,
    0x00, 0x00, 0x0f, 0xe0, 0x00, 0x00, 0x7f, 0xfc, 0x00, 0x00, 0xff, 0xfe, 0x00, 0x00, 0xff, 0xfe, 0x00, 0x00,
    0xff, 0xfe, 0x00, 0x00, 0x7f, 0xfc, 0x00, 0x00, 0x2f, 0xe8, 0x00, 0x00, 0x07, 0x80, 0x00, 0x00
};

static const lv_image_dsc_t qweather_104_small = {
  .header = {
    .magic = LV_IMAGE_HEADER_MAGIC,
    .cf = LV_COLOR_FORMAT_I1,
    .flags = 0,
    .w = 20,
    .h = 20,
    .stride = 4,
    .reserved_2 = 0,
  },
  .data_size = 88,
  .data = qweather_104_small_map,
  .reserved = NULL,
};

static const uint8_t qweather_104_large_map[] = {
    0xff, 0xff, 0xff, 0xff, 0x00, 0x00, 0x00, 0xff, 0x00, 0x00, 0x00, 0x00, 0x00, 0x00, 0x00, 0x00, 0x00, 0x00, 0x00,
    0x00, 0x00, 0x00, 0x00, 0x00, 0x00, 0x00, 0x00, 0x00, 0x00, 0x00, 0x00, 0x00, 0x00, 0x00, 0x00, 0x00, 0x00, 0x00,
    0x00, 0x00, 0x00, 0x00, 0x00, 0x00, 0x00, 0x00, 0x00, 0x00, 0x00, 0x00, 0x00, 0x00, 0x00, 0x00, 0x00, 0x00, 0x00,
    0x00, 0x00, 0x00, 0x00, 0x00, 0x00, 0x00, 0x00, 0x00, 0x00, 0x00, 0x00, 0x00, 0x00, 0x00, 0x00, 0x00, 0x00, 0x00,
    0x00, 0x00, 0x00, 0x00, 0x00, 0x00, 0x00, 0x00, 0x00, 0x00, 0x00, 0x00, 0x00, 0x00, 0x00, 0x00, 0x00, 0x00, 0x00,
    0x00, 0x00, 0x00, 0x00, 0x00, 0x00, 0x00, 0x00, 0x00, 0x00, 0x00, 0x00, 0x00, 0x00, 0x00, 0x00, 0x00, 0x00, 0x00,
    0x00, 0x00, 0x00, 0x00, 0x00, 0x00, 0x00, 0x00, 0x00, 0x00, 0x00, 0x00, 0x00, 0x00, 0x00, 0x00, 0x00, 0x00, 0x00,
    0x00, 0x00, 0x00, 0x00, 0x00, 0x00, 0x00, 0x00, 0x00, 0x00, 0x00, 0x00, 0x00, 0x00, 0x00, 0x00, 0x00, 0x00, 0x00,
    0x00, 0x00, 0x7f, 0x00, 0x00, 0x00, 0x00, 0x00, 0x00, 0x01, 0xff, 0x80, 0x00, 0x00, 0x00, 0x00, 0x00, 0x03, 0xc1,
    0xe0, 0x00, 0x00, 0x00, 0x00, 0x00, 0x1f, 0x00, 0xf8, 0x00, 0x00, 0x00, 0x00, 0x00, 0x7e, 0x00, 0x7f, 0x00, 0x00,
    0x00, 0x00, 0x00, 0xfc, 0x00, 0x3f, 0x80, 0x00, 0x00, 0x00, 0x01, 0xc0, 0x00, 0x03, 0x80, 0x00, 0x00, 0x00, 0x01,
    0x80, 0x00, 0x01, 0xc0, 0x00, 0x00, 0x00, 0x01, 0x87, 0xfc, 0x01, 0xc0, 0x00, 0x00, 0x00, 0x01, 0x1f, 0xff, 0x01,
    0xc0, 0x00, 0x00, 0x00, 0x00, 0x3f, 0xff, 0x80, 0xc0, 0x00, 0x00, 0x00, 0x00, 0x7f, 0xff, 0xc0, 0x00, 0x00, 0x00,
    0x00, 0x00, 0xff, 0xff, 0xe0, 0x00, 0x00, 0x00, 0x00, 0x07, 0xff, 0xff, 0xfe, 0x00, 0x00, 0x00, 0x00, 0x1f, 0xff,
    0xff, 0xff, 0x80, 0x00, 0x00, 0x00, 0x3f, 0xff, 0xff, 0xff, 0xc0, 0x00, 0x00, 0x00, 0x7f, 0xff, 0xff, 0xff, 0xe0,
    0x00, 0x00, 0x00, 0xff, 0xff, 0xff, 0xff, 0xf0, 0x00, 0x00, 0x00, 0xff, 0xff, 0xff, 0xff, 0xf0, 0x00, 0x00, 0x00,
    0xff, 0xff, 0xff, 0xff, 0xf0, 0x00, 0x00, 0x00, 0xff, 0xff, 0xff, 0xff, 0xf0, 0x00, 0x00, 0x00, 0xff, 0xff, 0xff,
    0xff, 0xf0, 0x00, 0x00, 0x00, 0x7f, 0xff, 0xff, 0xff, 0xe0, 0x00, 0x00, 0x00, 0x7f, 0xff, 0xff, 0xff, 0xe0, 0x00,
    0x00, 0x00, 0x3f, 0xff, 0xff, 0xff, 0xc0, 0x00, 0x00, 0x00, 0x1f, 0xff, 0xff, 0xff, 0x80, 0x00, 0x00, 0x00, 0x03,
    0x3f, 0xff, 0xcc, 0x00, 0x00, 0x00, 0x00, 0x00, 0x1f, 0xff, 0x80, 0x00, 0x00, 0x00, 0x00, 0x00, 0x0f, 0xfe, 0x00,
    0x00, 0x00, 0x00, 0x00, 0x00, 0x01, 0xf8, 0x00, 0x00, 0x00, 0x00, 0x00
};

static const lv_image_dsc_t qweather_104_large = {
  .header = {
    .magic = LV_IMAGE_HEADER_MAGIC,
    .cf = LV_COLOR_FORMAT_I1,
    .flags = 0,
    .w = 48,
    .h = 48,
    .stride = 8,
    .reserved_2 = 0,
  },
  .data_size = 392,
  .data = qweather_104_large_map,
  .reserved = NULL,
};

static const uint8_t qweather_150_small_map[] = {
    0xff, 0xff, 0xff, 0xff, 0x00, 0x00, 0x00, 0xff, 0x00, 0x00, 0x00, 0x00, 0x00, 0x00, 0x00, 0x00, 0x00, 0x00,
    0x00, 0x00, 0x00, 0x00, 0x00, 0x00, 0x00, 0x00, 0x00, 0x00, 0x08, 0x00, 0x00, 0x00, 0x38, 0x00, 0x00, 0x00,
    0x38, 0x00, 0x00, 0x00, 0x78, 0x00, 0x00, 0x00, 0xf8, 0x00, 0x00, 0x00, 0xf8, 0x00, 0x00, 0x00, 0xfc, 0x00,
    0x00, 0x00, 0xfc, 0x00, 0x00, 0x00, 0xfe, 0x00, 0x00, 0x00, 0xff, 0x80, 0x00, 0x00, 0x7f, 0xfe, 0x00, 0x00,
    0x7f, 0xfe, 0x00, 0x00, 0x3f, 0xfc, 0x00, 0x00, 0x1f, 0xf8, 0x00, 0x00, 0x07, 0xe0, 0x00, 0x00
};

static const lv_image_dsc_t qweather_150_small = {
  .header = {
    .magic = LV_IMAGE_HEADER_MAGIC,
    .cf = LV_COLOR_FORMAT_I1,
    .flags = 0,
    .w = 20,
    .h = 20,
    .stride = 4,
    .reserved_2 = 0,
  },
  .data_size = 88,
  .data = qweather_150_small_map,
  .reserved = NULL,
};

static const uint8_t qweather_150_large_map[] = {
    0xff, 0xff, 0xff, 0xff, 0x00, 0x00, 0x00, 0xff, 0x00, 0x00, 0x00, 0x00, 0x00, 0x00, 0x00, 0x00, 0x00, 0x00, 0x00,
    0x00, 0x00, 0x00, 0x00, 0x00, 0x00, 0x00, 0x00, 0x00, 0x00, 0x00, 0x00, 0x00, 0x00, 0x00, 0x00, 0x00, 0x00, 0x00,
    0x00, 0x00, 0x00, 0x00, 0x00, 0x00, 0x00, 0x00, 0x00, 0x00, 0x00, 0x00, 0x00, 0x00, 0x00, 0x00, 0x00, 0x00, 0x00,
    0x00, 0x00, 0x00, 0x00, 0x00, 0x00, 0x00, 0x00, 0x00, 0x00, 0x00, 0x00, 0x00, 0x00, 0x00, 0x00, 0x00, 0x00, 0x00,
    0x00, 0x00, 0x00, 0x00, 0x00, 0x00, 0x00, 0x00, 0x00, 0x00, 0x00, 0x00, 0x00, 0x00, 0x00, 0x00, 0x00, 0x00, 0x00,
    0x00, 0x00, 0x00, 0x00, 0x00, 0x00, 0x00, 0x00, 0x00, 0x00, 0x30, 0x00, 0x00, 0x00, 0x00, 0x00, 0x00, 0x00, 0xf0,
    0x00, 0x00, 0x00, 0x00, 0x00, 0x00, 0x01, 0xf0, 0x00, 0x00, 0x00, 0x00, 0x00, 0x00, 0x03, 0xf0, 0x00, 0x00, 0x00,
    0x00, 0x00, 0x00, 0x07, 0xf0, 0x00, 0x00, 0x00, 0x00, 0x00, 0x00, 0x0f, 0xf0, 0x00, 0x00, 0x00, 0x00, 0x00, 0x00,
    0x1f, 0xf0, 0x00, 0x00, 0x00, 0x00, 0x00, 0x00, 0x1f, 0xf0, 0x00, 0x00, 0x00, 0x00, 0x00, 0x00, 0x3f, 0xf0, 0x00,
    0x00, 0x00, 0x00, 0x00, 0x00, 0x3f, 0xf0, 0x00, 0x00, 0x00, 0x00, 0x00, 0x00, 0x7f, 0xf0, 0x00, 0x00, 0x00, 0x00,
    0x00, 0x00, 0x7f, 0xf0, 0x00, 0x00, 0x00, 0x00, 0x00, 0x00, 0x7f, 0xf0, 0x00, 0x00, 0x00, 0x00, 0x00, 0x00, 0xff,
    0xf8, 0x00, 0x00, 0x00, 0x00, 0x00, 0x00, 0xff, 0xf8, 0x00, 0x00, 0x00, 0x00, 0x00, 0x00, 0xff, 0xf8, 0x00, 0x00,
    0x00, 0x00, 0x00, 0x00, 0xff, 0xfc, 0x00, 0x00, 0x00, 0x00, 0x00, 0x00, 0xff, 0xfc, 0x00, 0x00, 0x00, 0x00, 0x00,
    0x00, 0xff, 0xfe, 0x00, 0x00, 0x00, 0x00, 0x00, 0x00, 0xff, 0xff, 0x00, 0x00, 0x00, 0x00, 0x00, 0x00, 0xff, 0xff,
    0x80, 0x00, 0x00, 0x00, 0x00, 0x00, 0x7f, 0xff, 0xe0, 0x00, 0x00, 0x00, 0x00, 0x00, 0x7f, 0xff, 0xf0, 0x00, 0x00,
    0x00, 0x00, 0x00, 0x7f, 0xff, 0xfe, 0x00, 0x00, 0x00, 0x00, 0x00, 0x3f, 0xff, 0xff, 0xe0, 0x00, 0x00, 0x00, 0x00,
    0x3f, 0xff, 0xff, 0xff, 0xf0, 0x00, 0x00, 0x00, 0x1f, 0xff, 0xff, 0xff, 0xf0, 0x00, 0x00, 0x00, 0x1f, 0xff, 0xff,
    0xff, 0xe0, 0x00, 0x00, 0x00, 0x0f, 0xff, 0xff, 0xff, 0xc0, 0x00, 0x00, 0x00, 0x07, 0xff, 0xff, 0xff, 0xc0, 0x00,
    0x00, 0x00, 0x03, 0xff, 0xff, 0xff, 0x80, 0x00, 0x00, 0x00, 0x01, 0xff, 0xff, 0xff, 0x00, 0x00, 0x00, 0x00, 0x00,
    0xff, 0xff, 0xfc, 0x00, 0x00, 0x00, 0x00, 0x00, 0x3f, 0xff, 0xf8, 0x00, 0x00, 0x00, 0x00, 0x00, 0x0f, 0xff, 0xe0,
    0x00, 0x00, 0x00, 0x00, 0x00, 0x01, 0xfe, 0x00, 0x00, 0x00, 0x00, 0x00
};

static const lv_image_dsc_t qweather_150_large = {
  .header = {
    .magic = LV_IMAGE_HEADER_MAGIC,
    .cf = LV_COLOR_FORMAT_I1,
    .flags = 0,
    .w = 48,
    .h = 48,
    .stride = 8,
    .reserved_2 = 0,
  },
  .data_size = 392,
  .data = qweather_150_large_map,
  .reserved = NULL,
};

static const uint8_t qweather_151_small_map[] = {
    0xff, 0xff, 0xff, 0xff, 0x00, 0x00, 0x00, 0xff, 0x00, 0x00, 0x00, 0x00, 0x00, 0x00, 0x00, 0x00, 0x00, 0x00,
    0x00, 0x00, 0x00, 0x00, 0x00, 0x00, 0x00, 0x00, 0x00, 0x00, 0x00, 0x00, 0x00, 0x00, 0x00, 0xc0, 0x00, 0x00,
    0x01, 0xc0, 0x00, 0x00, 0x01, 0x40, 0x00, 0x00, 0x02, 0x40, 0x00, 0x00, 0x00, 0x20, 0x00, 0x00, 0x00, 0x1e,
    0x00, 0x00, 0x0f, 0xc6, 0x00, 0x00, 0x1f, 0xe0, 0x00, 0x00, 0x7f, 0xf8, 0x00, 0x00, 0xff, 0xfc, 0x00, 0x00,
    0xff, 0xfc, 0x00, 0x00, 0xff, 0xfc, 0x00, 0x00, 0x3f, 0xf0, 0x00, 0x00, 0x07, 0x80, 0x00, 0x00
};

static const lv_image_dsc_t qweather_151_small = {
  .header = {
    .magic = LV_IMAGE_HEADER_MAGIC,
    .cf = LV_COLOR_FORMAT_I1,
    .flags = 0,
    .w = 20,
    .h = 20,
    .stride = 4,
    .reserved_2 = 0,
  },
  .data_size = 88,
  .data = qweather_151_small_map,
  .reserved = NULL,
};

static const uint8_t qweather_151_large_map[] = {
    0xff, 0xff, 0xff, 0xff, 0x00, 0x00, 0x00, 0xff, 0x00, 0x00, 0x00, 0x00, 0x00, 0x00, 0x00, 0x00, 0x00, 0x00, 0x00,
    0x00, 0x00, 0x00, 0x00, 0x00, 0x00, 0x00, 0x00, 0x00, 0x00, 0x00, 0x00, 0x00, 0x00, 0x00, 0x00, 0x00, 0x00, 0x00,
    0x00, 0x00, 0x00, 0x00, 0x00, 0x00, 0x00, 0x00, 0x00, 0x00, 0x00, 0x00, 0x00, 0x00, 0x00, 0x00, 0x00, 0x00, 0x00,
    0x00, 0x00, 0x00, 0x00, 0x00, 0x00, 0x00, 0x00, 0x00, 0x00, 0x00, 0x00, 0x00, 0x00, 0x00, 0x00, 0x00, 0x00, 0x00,
    0x00, 0x00, 0x00, 0x00, 0x00, 0x00, 0x00, 0x00, 0x00, 0x00, 0x00, 0x00, 0x00, 0x00, 0x00, 0x00, 0x00, 0x00, 0x00,
    0x00, 0x00, 0x00, 0x00, 0x00, 0x00, 0x00, 0x00, 0x00, 0x00, 0x00, 0x00, 0x00, 0x00, 0x00, 0x00, 0x00, 0x00, 0x00,
    0x00, 0x00, 0x00, 0x00, 0x00, 0x00, 0x00, 0x00, 0x06, 0x00, 0x00, 0x00, 0x00, 0x00, 0x00, 0x00, 0x0e, 0x00, 0x00,
    0x00, 0x00, 0x00, 0x00, 0x00, 0x1e, 0x00, 0x00, 0x00, 0x00, 0x00, 0x00, 0x00, 0x3e, 0x00, 0x00, 0x00, 0x00, 0x00,
    0x00, 0x00, 0x76, 0x00, 0x00, 0x00, 0x00, 0x00, 0x00, 0x00, 0xe6, 0x00, 0x00, 0x00, 0x00, 0x00, 0x00, 0x00, 0xc6,
    0x00, 0x00, 0x00, 0x00, 0x00, 0x00, 0x00, 0xc7, 0x00, 0x00, 0x00, 0x00, 0x00, 0x00, 0x01, 0xc3, 0x00, 0x00, 0x00,
    0x00, 0x00, 0x00, 0x01, 0xc3, 0x80, 0x00, 0x00, 0x00, 0x00, 0x00, 0x01, 0xc1, 0xc0, 0x00, 0x00, 0x00, 0x00, 0x00,
    0x00, 0x80, 0xe0, 0x00, 0x00, 0x00, 0x00, 0x00, 0x00, 0x00, 0x78, 0x00, 0x00, 0x00, 0x00, 0x00, 0x00, 0x00, 0x3f,
    0xf0, 0x00, 0x00, 0x00, 0x00, 0x07, 0xf8, 0x0f, 0xf0, 0x00, 0x00, 0x00, 0x00, 0x1f, 0xfe, 0x00, 0xe0, 0x00, 0x00,
    0x00, 0x00, 0x7f, 0xff, 0x00, 0xe0, 0x00, 0x00, 0x00, 0x00, 0xff, 0xff, 0x81, 0xc0, 0x00, 0x00, 0x00, 0x00, 0xff,
    0xff, 0xc0, 0x00, 0x00, 0x00, 0x00, 0x1f, 0xff, 0xff, 0xfc, 0x00, 0x00, 0x00, 0x00, 0x3f, 0xff, 0xff, 0xff, 0x00,
    0x00, 0x00, 0x00, 0x7f, 0xff, 0xff, 0xff, 0x80, 0x00, 0x00, 0x00, 0x7f, 0xff, 0xff, 0xff, 0x80, 0x00, 0x00, 0x00,
    0xff, 0xff, 0xff, 0xff, 0xc0, 0x00, 0x00, 0x00, 0xff, 0xff, 0xff, 0xff, 0xc0, 0x00, 0x00, 0x00, 0xff, 0xff, 0xff,
    0xff, 0xc0, 0x00, 0x00, 0x00, 0xff, 0xff, 0xff, 0xff, 0x80, 0x00, 0x00, 0x00, 0x7f, 0xff, 0xff, 0xff, 0x80, 0x00,
    0x00, 0x00, 0x7f, 0xff, 0xff, 0xff, 0x00, 0x00, 0x00, 0x00, 0x3f, 0xff, 0xff, 0xfe, 0x00, 0x00, 0x00, 0x00, 0x0f,
    0xff, 0xff, 0xfc, 0x00, 0x00, 0x00, 0x00, 0x00, 0x3f, 0xff, 0x00, 0x00, 0x00, 0x00, 0x00, 0x00, 0x1f, 0xfc, 0x00,
    0x00, 0x00, 0x00, 0x00, 0x00, 0x03, 0xf0, 0x00, 0x00, 0x00, 0x00, 0x00
};

static const lv_image_dsc_t qweather_151_large = {
  .header = {
    .magic = LV_IMAGE_HEADER_MAGIC,
    .cf = LV_COLOR_FORMAT_I1,
    .flags = 0,
    .w = 48,
    .h = 48,
    .stride = 8,
    .reserved_2 = 0,
  },
  .data_size = 392,
  .data = qweather_151_large_map,
  .reserved = NULL,
};

static const uint8_t qweather_152_small_map[] = {
    0xff, 0xff, 0xff, 0xff, 0x00, 0x00, 0x00, 0xff, 0x00, 0x00, 0x00, 0x00, 0x00, 0x00, 0x00, 0x00, 0x00, 0x00,
    0x00, 0x00, 0x00, 0x00, 0x00, 0x00, 0x00, 0x00, 0x00, 0x00, 0x03, 0x00, 0x00, 0x00, 0x06, 0x00, 0x00, 0x00,
    0x06, 0x00, 0x00, 0x00, 0x0f, 0x00, 0x00, 0x00, 0x0f, 0x00, 0x00, 0x00, 0x0f, 0x00, 0x00, 0x00, 0x0f, 0x80,
    0x00, 0x00, 0x0f, 0xe0, 0x00, 0x00, 0x03, 0xfe, 0x00, 0x00, 0x08, 0xfc, 0x00, 0x00, 0x22, 0x38, 0x00, 0x00,
    0x80, 0x80, 0x00, 0x00, 0x80, 0x00, 0x00, 0x00, 0xa2, 0x80, 0x00, 0x00, 0x1c, 0x00, 0x00, 0x00
};

static const lv_image_dsc_t qweather_152_small = {
  .header = {
    .magic = LV_IMAGE_HEADER_MAGIC,
    .cf = LV_COLOR_FORMAT_I1,
    .flags = 0,
    .w = 20,
    .h = 20,
    .stride = 4,
    .reserved_2 = 0,
  },
  .data_size = 88,
  .data = qweather_152_small_map,
  .reserved = NULL,
};

static const uint8_t qweather_152_large_map[] = {
    0xff, 0xff, 0xff, 0xff, 0x00, 0x00, 0x00, 0xff, 0x00, 0x00, 0x00, 0x00, 0x00, 0x00, 0x00, 0x00, 0x00, 0x00, 0x00,
    0x00, 0x00, 0x00, 0x00, 0x00, 0x00, 0x00, 0x00, 0x00, 0x00, 0x00, 0x00, 0x00, 0x00, 0x00, 0x00, 0x00, 0x00, 0x00,
    0x00, 0x00, 0x00, 0x00, 0x00, 0x00, 0x00, 0x00, 0x00, 0x00, 0x00, 0x00, 0x00, 0x00, 0x00, 0x00, 0x00, 0x00, 0x00,
    0x00, 0x00, 0x00, 0x00, 0x00, 0x00, 0x00, 0x00, 0x00, 0x00, 0x00, 0x00, 0x00, 0x00, 0x00, 0x00, 0x00, 0x00, 0x00,
    0x00, 0x00, 0x00, 0x00, 0x00, 0x00, 0x00, 0x00, 0x00, 0x00, 0x00, 0x00, 0x00, 0x00, 0x00, 0x00, 0x00, 0x00, 0x00,
    0x00, 0x00, 0x00, 0x00, 0x00, 0x00, 0x00, 0x00, 0x00, 0x00, 0x00, 0xc0, 0x00, 0x00, 0x00, 0x00, 0x00, 0x00, 0x01,
    0xc0, 0x00, 0x00, 0x00, 0x00, 0x00, 0x00, 0x03, 0xc0, 0x00, 0x00, 0x00, 0x00, 0x00, 0x00, 0x07, 0xc0, 0x00, 0x00,
    0x00, 0x00, 0x00, 0x00, 0x0f, 0xc0, 0x00, 0x00, 0x00, 0x00, 0x00, 0x00, 0x1f, 0xc0, 0x00, 0x00, 0x00, 0x00, 0x00,
    0x00, 0x1f, 0xc0, 0x00, 0x00, 0x00, 0x00, 0x00, 0x00, 0x3f, 0xc0, 0x00, 0x00, 0x00, 0x00, 0x00, 0x00, 0x3f, 0xc0,
    0x00, 0x00, 0x00, 0x00, 0x00, 0x00, 0x7f, 0xc0, 0x00, 0x00, 0x00, 0x00, 0x00, 0x00, 0x7f, 0xe0, 0x00, 0x00, 0x00,
    0x00, 0x00, 0x00, 0x7f, 0xe0, 0x00, 0x00, 0x00, 0x00, 0x00, 0x00, 0x7f, 0xe0, 0x00, 0x00, 0x00, 0x00, 0x00, 0x00,
    0x7f, 0xf0, 0x00, 0x00, 0x00, 0x00, 0x00, 0x00, 0x7f, 0xf8, 0x00, 0x00, 0x00, 0x00, 0x00, 0x00, 0x7f, 0xfc, 0x00,
    0x00, 0x00, 0x00, 0x00, 0x00, 0x3f, 0xff, 0x00, 0x00, 0x00, 0x00, 0x00, 0x00, 0x3f, 0xff, 0xc0, 0x00, 0x00, 0x00,
    0x00, 0x00, 0x3f, 0xff, 0xfc, 0x00, 0x00, 0x00, 0x00, 0x00, 0x1f, 0xff, 0xff, 0xf0, 0x00, 0x00, 0x00, 0x00, 0x01,
    0xff, 0xff, 0xe0, 0x00, 0x00, 0x00, 0x00, 0x00, 0x7f, 0xff, 0xe0, 0x00, 0x00, 0x00, 0x00, 0x00, 0x1f, 0xff, 0xc0,
    0x00, 0x00, 0x00, 0x00, 0xfe, 0x07, 0xff, 0x80, 0x00, 0x00, 0x00, 0x01, 0xc7, 0x01, 0xff, 0x00, 0x00, 0x00, 0x00,
    0x0f, 0x01, 0xe0, 0xfc, 0x00, 0x00, 0x00, 0x00, 0x3e, 0x01, 0xf8, 0xe0, 0x00, 0x00, 0x00, 0x00, 0x60, 0x00, 0x1c,
    0x00, 0x00, 0x00, 0x00, 0x00, 0xc0, 0x00, 0x0c, 0x00, 0x00, 0x00, 0x00, 0x00, 0xc0, 0x00, 0x04, 0x00, 0x00, 0x00,
    0x00, 0x00, 0xc0, 0x00, 0x04, 0x00, 0x00, 0x00, 0x00, 0x00, 0xc0, 0x00, 0x0c, 0x00, 0x00, 0x00, 0x00, 0x00, 0x76,
    0x01, 0x9c, 0x00, 0x00, 0x00, 0x00, 0x00, 0x3f, 0x83, 0xf8, 0x00, 0x00, 0x00, 0x00, 0x00, 0x01, 0xfe, 0x00, 0x00,
    0x00, 0x00, 0x00, 0x00, 0x00, 0x7c, 0x00, 0x00, 0x00, 0x00, 0x00, 0x00
};

static const lv_image_dsc_t qweather_152_large = {
  .header = {
    .magic = LV_IMAGE_HEADER_MAGIC,
    .cf = LV_COLOR_FORMAT_I1,
    .flags = 0,
    .w = 48,
    .h = 48,
    .stride = 8,
    .reserved_2 = 0,
  },
  .data_size = 392,
  .data = qweather_152_large_map,
  .reserved = NULL,
};

static const uint8_t qweather_153_small_map[] = {
    0xff, 0xff, 0xff, 0xff, 0x00, 0x00, 0x00, 0xff, 0x00, 0x00, 0x00, 0x00, 0x00, 0x00, 0x00, 0x00, 0x00, 0x00,
    0x00, 0x00, 0x00, 0x00, 0x00, 0x00, 0x00, 0x00, 0x00, 0x00, 0x00, 0x00, 0x00, 0x00, 0x03, 0x00, 0x00, 0x00,
    0x07, 0x00, 0x00, 0x00, 0x0f, 0x00, 0x00, 0x00, 0x0f, 0x00, 0x00, 0x00, 0x0f, 0x80, 0x00, 0x00, 0x0f, 0xc0,
    0x00, 0x00, 0x0f, 0xfe, 0x00, 0x00, 0x0c, 0x7e, 0x00, 0x00, 0x01, 0x0c, 0x00, 0x00, 0x06, 0x60, 0x00, 0x00,
    0x30, 0x18, 0x00, 0x00, 0xc0, 0x08, 0x00, 0x00, 0xe0, 0x08, 0x00, 0x00, 0x1f, 0xe0, 0x00, 0x00
};

static const lv_image_dsc_t qweather_153_small = {
  .header = {
    .magic = LV_IMAGE_HEADER_MAGIC,
    .cf = LV_COLOR_FORMAT_I1,
    .flags = 0,
    .w = 20,
    .h = 20,
    .stride = 4,
    .reserved_2 = 0,
  },
  .data_size = 88,
  .data = qweather_153_small_map,
  .reserved = NULL,
};

static const uint8_t qweather_153_large_map[] = {
    0xff, 0xff, 0xff, 0xff, 0x00, 0x00, 0x00, 0xff, 0x00, 0x00, 0x00, 0x00, 0x00, 0x00, 0x00, 0x00, 0x00, 0x00, 0x00,
    0x00, 0x00, 0x00, 0x00, 0x00, 0x00, 0x00, 0x00, 0x00, 0x00, 0x00, 0x00, 0x00, 0x00, 0x00, 0x00, 0x00, 0x00, 0x00,
    0x00, 0x00, 0x00, 0x00, 0x00, 0x00, 0x00, 0x00, 0x00, 0x00, 0x00, 0x00, 0x00, 0x00, 0x00, 0x00, 0x00, 0x00, 0x00,
    0x00, 0x00, 0x00, 0x00, 0x00, 0x00, 0x00, 0x00, 0x00, 0x00, 0x00, 0x00, 0x00, 0x00, 0x00, 0x00, 0x00, 0x00, 0x00,
    0x00, 0x00, 0x00, 0x00, 0x00, 0x00, 0x00, 0x00, 0x00, 0x00, 0x00, 0x00, 0x00, 0x00, 0x00, 0x00, 0x00, 0x00, 0x00,
    0x00, 0x00, 0x00, 0x00, 0x00, 0x00, 0x00, 0x00, 0x00, 0x00, 0x00, 0x00, 0x00, 0x00, 0x00, 0x00, 0x00, 0x00, 0x00,
    0x40, 0x00, 0x00, 0x00, 0x00, 0x00, 0x00, 0x01, 0xe0, 0x00, 0x00, 0x00, 0x00, 0x00, 0x00, 0x03, 0xc0, 0x00, 0x00,
    0x00, 0x00, 0x00, 0x00, 0x07, 0xc0, 0x00, 0x00, 0x00, 0x00, 0x00, 0x00, 0x0f, 0xc0, 0x00, 0x00, 0x00, 0x00, 0x00,
    0x00, 0x1f, 0xc0, 0x00, 0x00, 0x00, 0x00, 0x00, 0x00, 0x1f, 0xe0, 0x00, 0x00, 0x00, 0x00, 0x00, 0x00, 0x3f, 0xe0,
    0x00, 0x00, 0x00, 0x00, 0x00, 0x00, 0x3f, 0xe0, 0x00, 0x00, 0x00, 0x00, 0x00, 0x00, 0x7f, 0xf0, 0x00, 0x00, 0x00,
    0x00, 0x00, 0x00, 0x7f, 0xf0, 0x00, 0x00, 0x00, 0x00, 0x00, 0x00, 0x7f, 0xf8, 0x00, 0x00, 0x00, 0x00, 0x00, 0x00,
    0x7f, 0xfc, 0x00, 0x00, 0x00, 0x00, 0x00, 0x00, 0x7f, 0xfe, 0x00, 0x00, 0x00, 0x00, 0x00, 0x00, 0x7f, 0xff, 0x00,
    0x00, 0x00, 0x00, 0x00, 0x00, 0x7f, 0xff, 0xc0, 0x00, 0x00, 0x00, 0x00, 0x00, 0x7f, 0xff, 0xf8, 0x70, 0x00, 0x00,
    0x00, 0x00, 0x3f, 0xff, 0xff, 0xf0, 0x00, 0x00, 0x00, 0x00, 0x3f, 0xff, 0xff, 0xf0, 0x00, 0x00, 0x00, 0x00, 0x1c,
    0x03, 0xff, 0xe0, 0x00, 0x00, 0x00, 0x00, 0x10, 0x00, 0xff, 0xe0, 0x00, 0x00, 0x00, 0x00, 0x00, 0x00, 0x0f, 0xc0,
    0x00, 0x00, 0x00, 0x00, 0x03, 0xfc, 0x03, 0x80, 0x00, 0x00, 0x00, 0x00, 0x07, 0xff, 0x01, 0x00, 0x00, 0x00, 0x00,
    0x00, 0xfe, 0x03, 0xf0, 0x00, 0x00, 0x00, 0x00, 0x03, 0xfc, 0x01, 0xfc, 0x00, 0x00, 0x00, 0x00, 0x07, 0x80, 0x00,
    0x1e, 0x00, 0x00, 0x00, 0x00, 0x7e, 0x00, 0x00, 0x06, 0x00, 0x00, 0x00, 0x00, 0xfc, 0x00, 0x00, 0x06, 0x00, 0x00,
    0x00, 0x00, 0xe0, 0x00, 0x00, 0x06, 0x00, 0x00, 0x00, 0x00, 0xe0, 0x00, 0x00, 0x06, 0x00, 0x00, 0x00, 0x00, 0xee,
    0x00, 0x01, 0x0e, 0x00, 0x00, 0x00, 0x00, 0x7f, 0xdf, 0x07, 0xfc, 0x00, 0x00, 0x00, 0x00, 0x1b, 0xff, 0xff, 0xf0,
    0x00, 0x00, 0x00, 0x00, 0x00, 0x71, 0xf8, 0x00, 0x00, 0x00, 0x00, 0x00
};

static const lv_image_dsc_t qweather_153_large = {
  .header = {
    .magic = LV_IMAGE_HEADER_MAGIC,
    .cf = LV_COLOR_FORMAT_I1,
    .flags = 0,
    .w = 48,
    .h = 48,
    .stride = 8,
    .reserved_2 = 0,
  },
  .data_size = 392,
  .data = qweather_153_large_map,
  .reserved = NULL,
};

static const uint8_t qweather_300_small_map[] = {
    0xff, 0xff, 0xff, 0xff, 0x00, 0x00, 0x00, 0xff, 0x00, 0x00, 0x00, 0x00, 0x00, 0x00, 0x00, 0x00, 0x00, 0x00,
    0x00, 0x00, 0x00, 0x00, 0x00, 0x00, 0x00, 0x00, 0x00, 0x00, 0x08, 0x00, 0x00, 0x00, 0x09, 0x00, 0x00, 0x00,
    0x0c, 0x00, 0x00, 0x00, 0x11, 0x80, 0x00, 0x00, 0xa7, 0xe0, 0x00, 0x00, 0x1f, 0xf8, 0x00, 0x00, 0x7f, 0xfc,
    0x00, 0x00, 0x7f, 0xfe, 0x00, 0x00, 0x7f, 0xfe, 0x00, 0x00, 0x3f, 0xfc, 0x00, 0x00, 0x07, 0xe0, 0x00, 0x00,
    0x01, 0x80, 0x00, 0x00, 0x0c, 0x20, 0x00, 0x00, 0x0c, 0x30, 0x00, 0x00, 0x00, 0x00, 0x00, 0x00
};

static const lv_image_dsc_t qweather_300_small = {
  .header = {
    .magic = LV_IMAGE_HEADER_MAGIC,
    .cf = LV_COLOR_FORMAT_I1,
    .flags = 0,
    .w = 20,
    .h = 20,
    .stride = 4,
    .reserved_2 = 0,
  },
  .data_size = 88,
  .data = qweather_300_small_map,
  .reserved = NULL,
};

static const uint8_t qweather_300_large_map[] = {
    0xff, 0xff, 0xff, 0xff, 0x00, 0x00, 0x00, 0xff, 0x00, 0x00, 0x00, 0x00, 0x00, 0x00, 0x00, 0x00, 0x00, 0x00, 0x00,
    0x00, 0x00, 0x00, 0x00, 0x00, 0x00, 0x00, 0x00, 0x00, 0x00, 0x00, 0x00, 0x00, 0x00, 0x00, 0x00, 0x00, 0x00, 0x00,
    0x00, 0x00, 0x00, 0x00, 0x00, 0x00, 0x00, 0x00, 0x00, 0x00, 0x00, 0x00, 0x00, 0x00, 0x00, 0x00, 0x00, 0x00, 0x00,
    0x00, 0x00, 0x00, 0x00, 0x00, 0x00, 0x00, 0x00, 0x00, 0x00, 0x00, 0x00, 0x00, 0x00, 0x00, 0x00, 0x00, 0x00, 0x00,
    0x00, 0x00, 0x00, 0x00, 0x00, 0x00, 0x00, 0x00, 0x00, 0x00, 0x00, 0x00, 0x00, 0x00, 0x00, 0x00, 0x00, 0x00, 0x00,
    0x00, 0x00, 0x00, 0x00, 0x00, 0x00, 0x00, 0x00, 0x00, 0x00, 0x30, 0x00, 0x00, 0x00, 0x00, 0x00, 0x00, 0x00, 0x30,
    0x00, 0x00, 0x00, 0x00, 0x00, 0x00, 0x00, 0x30, 0x00, 0x00, 0x00, 0x00, 0x00, 0x00, 0x18, 0x30, 0x60, 0x00, 0x00,
    0x00, 0x00, 0x00, 0x1c, 0x00, 0xe0, 0x00, 0x00, 0x00, 0x00, 0x00, 0x0e, 0x00, 0xe0, 0x00, 0x00, 0x00, 0x00, 0x00,
    0x04, 0xfe, 0x00, 0x00, 0x00, 0x00, 0x00, 0x00, 0x01, 0xfc, 0x00, 0x00, 0x00, 0x00, 0x00, 0x00, 0x03, 0x81, 0xfe,
    0x00, 0x00, 0x00, 0x00, 0x00, 0x03, 0x07, 0xff, 0x80, 0x00, 0x00, 0x00, 0x00, 0x77, 0x0f, 0xff, 0xc0, 0x00, 0x00,
    0x00, 0x00, 0xf4, 0x1f, 0xff, 0xe0, 0x00, 0x00, 0x00, 0x00, 0x60, 0x3f, 0xff, 0xf0, 0x00, 0x00, 0x00, 0x00, 0x03,
    0xff, 0xff, 0xff, 0x00, 0x00, 0x00, 0x00, 0x0f, 0xff, 0xff, 0xff, 0xc0, 0x00, 0x00, 0x00, 0x1f, 0xff, 0xff, 0xff,
    0xe0, 0x00, 0x00, 0x00, 0x1f, 0xff, 0xff, 0xff, 0xe0, 0x00, 0x00, 0x00, 0x3f, 0xff, 0xff, 0xff, 0xf0, 0x00, 0x00,
    0x00, 0x3f, 0xff, 0xff, 0xff, 0xf0, 0x00, 0x00, 0x00, 0x3f, 0xff, 0xff, 0xff, 0xf0, 0x00, 0x00, 0x00, 0x3f, 0xff,
    0xff, 0xff, 0xf0, 0x00, 0x00, 0x00, 0x1f, 0xff, 0xff, 0xff, 0xe0, 0x00, 0x00, 0x00, 0x1f, 0xff, 0xff, 0xff, 0xe0,
    0x00, 0x00, 0x00, 0x0f, 0xff, 0xff, 0xff, 0xc0, 0x00, 0x00, 0x00, 0x03, 0xff, 0xff, 0xff, 0x00, 0x00, 0x00, 0x00,
    0x00, 0x0f, 0xff, 0xc0, 0x00, 0x00, 0x00, 0x00, 0x00, 0x07, 0xff, 0x80, 0x00, 0x00, 0x00, 0x00, 0x00, 0x09, 0xfc,
    0x00, 0x00, 0x00, 0x00, 0x00, 0x00, 0x18, 0x00, 0x60, 0x00, 0x00, 0x00, 0x00, 0x00, 0x1c, 0x00, 0xe0, 0x00, 0x00,
    0x00, 0x00, 0x00, 0x3c, 0x00, 0xf0, 0x00, 0x00, 0x00, 0x00, 0x00, 0x3e, 0x00, 0xf0, 0x00, 0x00, 0x00, 0x00, 0x00,
    0x3c, 0x00, 0xf0, 0x00, 0x00, 0x00, 0x00, 0x00, 0x18, 0x00, 0x60, 0x00, 0x00, 0x00, 0x00, 0x00, 0x00, 0x00, 0x00,
    0x00, 0x00, 0x00, 0x00, 0x00, 0x00, 0x00, 0x00, 0x00, 0x00, 0x00, 0x00
};

static const lv_image_dsc_t qweather_300_large = {
  .header = {
    .magic = LV_IMAGE_HEADER_MAGIC,
    .cf = LV_COLOR_FORMAT_I1,
    .flags = 0,
    .w = 48,
    .h = 48,
    .stride = 8,
    .reserved_2 = 0,
  },
  .data_size = 392,
  .data = qweather_300_large_map,
  .reserved = NULL,
};

static const uint8_t qweather_301_small_map[] = {
    0xff, 0xff, 0xff, 0xff, 0x00, 0x00, 0x00, 0xff, 0x00, 0x00, 0x00, 0x00, 0x00, 0x00, 0x00, 0x00, 0x00, 0x00,
    0x00, 0x00, 0x00, 0x00, 0x00, 0x00, 0x00, 0x00, 0x00, 0x00, 0x08, 0x00, 0x00, 0x00, 0x09, 0x00, 0x00, 0x00,
    0x0c, 0x00, 0x00, 0x00, 0x11, 0x80, 0x00, 0x00, 0xa7, 0xe0, 0x00, 0x00, 0x1f, 0xf8, 0x00, 0x00, 0x7f, 0xfc,
    0x00, 0x00, 0x7f, 0xfe, 0x00, 0x00, 0x7f, 0xfe, 0x00, 0x00, 0x3f, 0xfc, 0x00, 0x00, 0x07, 0xe0, 0x00, 0x00,
    0x01, 0x80, 0x00, 0x00, 0x08, 0x10, 0x00, 0x00, 0x09, 0x90, 0x00, 0x00, 0x01, 0x80, 0x00, 0x00
};

static const lv_image_dsc_t qweather_301_small = {
  .header = {
    .magic = LV_IMAGE_HEADER_MAGIC,
    .cf = LV_COLOR_FORMAT_I1,
    .flags = 0,
    .w = 20,
    .h = 20,
    .stride = 4,
    .reserved_2 = 0,
  },
  .data_size = 88,
  .data = qweather_301_small_map,
  .reserved = NULL,
};

static const uint8_t qweather_301_large_map[] = {
    0xff, 0xff, 0xff, 0xff, 0x00, 0x00, 0x00, 0xff, 0x00, 0x00, 0x00, 0x00, 0x00, 0x00, 0x00, 0x00, 0x00, 0x00, 0x00,
    0x00, 0x00, 0x00, 0x00, 0x00, 0x00, 0x00, 0x00, 0x00, 0x00, 0x00, 0x00, 0x00, 0x00, 0x00, 0x00, 0x00, 0x00, 0x00,
    0x00, 0x00, 0x00, 0x00, 0x00, 0x00, 0x00, 0x00, 0x00, 0x00, 0x00, 0x00, 0x00, 0x00, 0x00, 0x00, 0x00, 0x00, 0x00,
    0x00, 0x00, 0x00, 0x00, 0x00, 0x00, 0x00, 0x00, 0x00, 0x00, 0x00, 0x00, 0x00, 0x00, 0x00, 0x00, 0x00, 0x00, 0x00,
    0x00, 0x00, 0x00, 0x00, 0x00, 0x00, 0x00, 0x00, 0x00, 0x00, 0x00, 0x00, 0x00, 0x00, 0x00, 0x00, 0x00, 0x00, 0x00,
    0x00, 0x00, 0x00, 0x00, 0x00, 0x00, 0x00, 0x00, 0x00, 0x00, 0x30, 0x00, 0x00, 0x00, 0x00, 0x00, 0x00, 0x00, 0x30,
    0x00, 0x00, 0x00, 0x00, 0x00, 0x00, 0x00, 0x30, 0x00, 0x00, 0x00, 0x00, 0x00, 0x00, 0x18, 0x30, 0x60, 0x00, 0x00,
    0x00, 0x00, 0x00, 0x1c, 0x00, 0xe0, 0x00, 0x00, 0x00, 0x00, 0x00, 0x0e, 0x00, 0xe0, 0x00, 0x00, 0x00, 0x00, 0x00,
    0x04, 0xfe, 0x00, 0x00, 0x00, 0x00, 0x00, 0x00, 0x01, 0xfc, 0x00, 0x00, 0x00, 0x00, 0x00, 0x00, 0x03, 0x81, 0xfe,
    0x00, 0x00, 0x00, 0x00, 0x00, 0x03, 0x07, 0xff, 0x80, 0x00, 0x00, 0x00, 0x00, 0x77, 0x0f, 0xff, 0xc0, 0x00, 0x00,
    0x00, 0x00, 0xf4, 0x1f, 0xff, 0xe0, 0x00, 0x00, 0x00, 0x00, 0x60, 0x3f, 0xff, 0xf0, 0x00, 0x00, 0x00, 0x00, 0x03,
    0xff, 0xff, 0xff, 0x00, 0x00, 0x00, 0x00, 0x0f, 0xff, 0xff, 0xff, 0xc0, 0x00, 0x00, 0x00, 0x1f, 0xff, 0xff, 0xff,
    0xe0, 0x00, 0x00, 0x00, 0x1f, 0xff, 0xff, 0xff, 0xe0, 0x00, 0x00, 0x00, 0x3f, 0xff, 0xff, 0xff, 0xf0, 0x00, 0x00,
    0x00, 0x3f, 0xff, 0xff, 0xff, 0xf0, 0x00, 0x00, 0x00, 0x3f, 0xff, 0xff, 0xff, 0xf0, 0x00, 0x00, 0x00, 0x3f, 0xff,
    0xff, 0xff, 0xf0, 0x00, 0x00, 0x00, 0x1f, 0xff, 0xff, 0xff, 0xe0, 0x00, 0x00, 0x00, 0x1f, 0xff, 0xff, 0xff, 0xe0,
    0x00, 0x00, 0x00, 0x0f, 0xff, 0xff, 0xff, 0xc0, 0x00, 0x00, 0x00, 0x03, 0xff, 0xff, 0xff, 0x00, 0x00, 0x00, 0x00,
    0x00, 0x0f, 0xff, 0xc0, 0x00, 0x00, 0x00, 0x00, 0x00, 0x07, 0xff, 0x80, 0x00, 0x00, 0x00, 0x00, 0x00, 0x11, 0xfc,
    0x00, 0x00, 0x00, 0x00, 0x00, 0x00, 0x30, 0x00, 0x30, 0x00, 0x00, 0x00, 0x00, 0x00, 0x38, 0x00, 0x78, 0x00, 0x00,
    0x00, 0x00, 0x00, 0x78, 0x30, 0x78, 0x00, 0x00, 0x00, 0x00, 0x00, 0x78, 0x38, 0x78, 0x00, 0x00, 0x00, 0x00, 0x00,
    0x78, 0x78, 0x78, 0x00, 0x00, 0x00, 0x00, 0x00, 0x30, 0x78, 0x30, 0x00, 0x00, 0x00, 0x00, 0x00, 0x00, 0x78, 0x00,
    0x00, 0x00, 0x00, 0x00, 0x00, 0x00, 0x30, 0x00, 0x00, 0x00, 0x00, 0x00
};

static const lv_image_dsc_t qweather_301_large = {
  .header = {
    .magic = LV_IMAGE_HEADER_MAGIC,
    .cf = LV_COLOR_FORMAT_I1,
    .flags = 0,
    .w = 48,
    .h = 48,
    .stride = 8,
    .reserved_2 = 0,
  },
  .data_size = 392,
  .data = qweather_301_large_map,
  .reserved = NULL,
};

static const uint8_t qweather_302_small_map[] = {
    0xff, 0xff, 0xff, 0xff, 0x00, 0x00, 0x00, 0xff, 0x00, 0x00, 0x00, 0x00, 0x00, 0x00, 0x00, 0x00, 0x00, 0x00,
    0x00, 0x00, 0x00, 0x00, 0x00, 0x00, 0x00, 0x00, 0x00, 0x00, 0x07, 0x80, 0x00, 0x00, 0x0f, 0xe0, 0x00, 0x00,
    0x3f, 0xf8, 0x00, 0x00, 0x7f, 0xfc, 0x00, 0x00, 0xff, 0xfe, 0x00, 0x00, 0xff, 0xfe, 0x00, 0x00, 0xff, 0xfe,
    0x00, 0x00, 0x7f, 0xfc, 0x00, 0x00, 0x07, 0xc0, 0x00, 0x00, 0x00, 0x00, 0x00, 0x00, 0x01, 0x00, 0x00, 0x00,
    0x13, 0x10, 0x00, 0x00, 0x1b, 0xb0, 0x00, 0x00, 0x01, 0x00, 0x00, 0x00, 0x00, 0x00, 0x00, 0x00
};

static const lv_image_dsc_t qweather_302_small = {
  .header = {
    .magic = LV_IMAGE_HEADER_MAGIC,
    .cf = LV_COLOR_FORMAT_I1,
    .flags = 0,
    .w = 20,
    .h = 20,
    .stride = 4,
    .reserved_2 = 0,
  },
  .data_size = 88,
  .data = qweather_302_small_map,
  .reserved = NULL,
};

static const uint8_t qweather_302_large_map[] = {
    0xff, 0xff, 0xff, 0xff, 0x00, 0x00, 0x00, 0xff, 0x00, 0x00, 0x00, 0x00, 0x00, 0x00, 0x00, 0x00, 0x00, 0x00, 0x00,
    0x00, 0x00, 0x00, 0x00, 0x00, 0x00, 0x00, 0x00, 0x00, 0x00, 0x00, 0x00, 0x00, 0x00, 0x00, 0x00, 0x00, 0x00, 0x00,
    0x00, 0x00, 0x00, 0x00, 0x00, 0x00, 0x00, 0x00, 0x00, 0x00, 0x00, 0x00, 0x00, 0x00, 0x00, 0x00, 0x00, 0x00, 0x00,
    0x00, 0x00, 0x00, 0x00, 0x00, 0x00, 0x00, 0x00, 0x00, 0x00, 0x00, 0x00, 0x00, 0x00, 0x00, 0x00, 0x00, 0x00, 0x00,
    0x00, 0x00, 0x00, 0x00, 0x00, 0x00, 0x00, 0x00, 0x00, 0x00, 0x00, 0x00, 0x00, 0x00, 0x00, 0x00, 0x00, 0x00, 0x00,
    0x00, 0x00, 0x00, 0x00, 0x00, 0x00, 0x00, 0x00, 0x00, 0x00, 0x01, 0xf8, 0x00, 0x00, 0x00, 0x00, 0x00, 0x00, 0x0f,
    0xfe, 0x00, 0x00, 0x00, 0x00, 0x00, 0x00, 0x1f, 0xff, 0x80, 0x00, 0x00, 0x00, 0x00, 0x00, 0x3f, 0xff, 0xc0, 0x00,
    0x00, 0x00, 0x00, 0x00, 0x7f, 0xff, 0xe0, 0x00, 0x00, 0x00, 0x00, 0x00, 0xff, 0xff, 0xe0, 0x00, 0x00, 0x00, 0x00,
    0x1f, 0xff, 0xff, 0xff, 0x80, 0x00, 0x00, 0x00, 0x3f, 0xff, 0xff, 0xff, 0xc0, 0x00, 0x00, 0x00, 0x7f, 0xff, 0xff,
    0xff, 0xe0, 0x00, 0x00, 0x00, 0x7f, 0xff, 0xff, 0xff, 0xe0, 0x00, 0x00, 0x00, 0xff, 0xff, 0xff, 0xff, 0xf0, 0x00,
    0x00, 0x00, 0xff, 0xff, 0xff, 0xff, 0xf0, 0x00, 0x00, 0x00, 0xff, 0xff, 0xff, 0xff, 0xf0, 0x00, 0x00, 0x00, 0xff,
    0xff, 0xff, 0xff, 0xf0, 0x00, 0x00, 0x00, 0xff, 0xff, 0xff, 0xff, 0xf0, 0x00, 0x00, 0x00, 0x7f, 0xff, 0xff, 0xff,
    0xe0, 0x00, 0x00, 0x00, 0x7f, 0xff, 0xff, 0xff, 0xe0, 0x00, 0x00, 0x00, 0x3f, 0xff, 0xff, 0xff, 0xc0, 0x00, 0x00,
    0x00, 0x0f, 0xff, 0xff, 0xff, 0x00, 0x00, 0x00, 0x00, 0x00, 0x3f, 0xff, 0x80, 0x00, 0x00, 0x00, 0x00, 0x00, 0x1f,
    0xff, 0x00, 0x00, 0x00, 0x00, 0x00, 0x00, 0x07, 0xfc, 0x00, 0x00, 0x00, 0x00, 0x00, 0x00, 0x00, 0x00, 0x00, 0x00,
    0x00, 0x00, 0x00, 0x00, 0x00, 0x00, 0x00, 0x00, 0x00, 0x00, 0x00, 0x00, 0x00, 0x00, 0x00, 0x00, 0x00, 0x00, 0x00,
    0x00, 0x00, 0xf0, 0x00, 0x00, 0x00, 0x00, 0x00, 0x00, 0xc0, 0xf0, 0x30, 0x00, 0x00, 0x00, 0x00, 0x01, 0xe1, 0xe0,
    0x78, 0x00, 0x00, 0x00, 0x00, 0x01, 0xe1, 0xfc, 0x78, 0x00, 0x00, 0x00, 0x00, 0x01, 0xe3, 0xfc, 0x78, 0x00, 0x00,
    0x00, 0x00, 0x01, 0xe3, 0xf8, 0x78, 0x00, 0x00, 0x00, 0x00, 0x00, 0x00, 0x70, 0x00, 0x00, 0x00, 0x00, 0x00, 0x00,
    0x00, 0x60, 0x00, 0x00, 0x00, 0x00, 0x00, 0x00, 0x00, 0xc0, 0x00, 0x00, 0x00, 0x00, 0x00, 0x00, 0x00, 0x80, 0x00,
    0x00, 0x00, 0x00, 0x00, 0x00, 0x00, 0x00, 0x00, 0x00, 0x00, 0x00, 0x00
};

static const lv_image_dsc_t qweather_302_large = {
  .header = {
    .magic = LV_IMAGE_HEADER_MAGIC,
    .cf = LV_COLOR_FORMAT_I1,
    .flags = 0,
    .w = 48,
    .h = 48,
    .stride = 8,
    .reserved_2 = 0,
  },
  .data_size = 392,
  .data = qweather_302_large_map,
  .reserved = NULL,
};

static const uint8_t qweather_303_small_map[] = {
    0xff, 0xff, 0xff, 0xff, 0x00, 0x00, 0x00, 0xff, 0x00, 0x00, 0x00, 0x00, 0x00, 0x00, 0x00, 0x00, 0x00, 0x00,
    0x00, 0x00, 0x00, 0x00, 0x00, 0x00, 0x00, 0x00, 0x00, 0x00, 0x07, 0x80, 0x00, 0x00, 0x0f, 0xe0, 0x00, 0x00,
    0x3f, 0xf8, 0x00, 0x00, 0x7f, 0xfc, 0x00, 0x00, 0xff, 0xfe, 0x00, 0x00, 0xff, 0xfe, 0x00, 0x00, 0xff, 0xfe,
    0x00, 0x00, 0x7f, 0xfc, 0x00, 0x00, 0x07, 0xc0, 0x00, 0x00, 0x00, 0x00, 0x00, 0x00, 0xc1, 0x06, 0x00, 0x00,
    0x13, 0x10, 0x00, 0x00, 0x1b, 0xb0, 0x00, 0x00, 0x01, 0x00, 0x00, 0x00, 0x00, 0x00, 0x00, 0x00
};

static const lv_image_dsc_t qweather_303_small = {
  .header = {
    .magic = LV_IMAGE_HEADER_MAGIC,
    .cf = LV_COLOR_FORMAT_I1,
    .flags = 0,
    .w = 20,
    .h = 20,
    .stride = 4,
    .reserved_2 = 0,
  },
  .data_size = 88,
  .data = qweather_303_small_map,
  .reserved = NULL,
};

static const uint8_t qweather_303_large_map[] = {
    0xff, 0xff, 0xff, 0xff, 0x00, 0x00, 0x00, 0xff, 0x00, 0x00, 0x00, 0x00, 0x00, 0x00, 0x00, 0x00, 0x00, 0x00, 0x00,
    0x00, 0x00, 0x00, 0x00, 0x00, 0x00, 0x00, 0x00, 0x00, 0x00, 0x00, 0x00, 0x00, 0x00, 0x00, 0x00, 0x00, 0x00, 0x00,
    0x00, 0x00, 0x00, 0x00, 0x00, 0x00, 0x00, 0x00, 0x00, 0x00, 0x00, 0x00, 0x00, 0x00, 0x00, 0x00, 0x00, 0x00, 0x00,
    0x00, 0x00, 0x00, 0x00, 0x00, 0x00, 0x00, 0x00, 0x00, 0x00, 0x00, 0x00, 0x00, 0x00, 0x00, 0x00, 0x00, 0x00, 0x00,
    0x00, 0x00, 0x00, 0x00, 0x00, 0x00, 0x00, 0x00, 0x00, 0x00, 0x00, 0x00, 0x00, 0x00, 0x00, 0x00, 0x00, 0x00, 0x00,
    0x00, 0x00, 0x00, 0x00, 0x00, 0x00, 0x00, 0x00, 0x00, 0x00, 0x01, 0xf8, 0x00, 0x00, 0x00, 0x00, 0x00, 0x00, 0x0f,
    0xfe, 0x00, 0x00, 0x00, 0x00, 0x00, 0x00, 0x1f, 0xff, 0x80, 0x00, 0x00, 0x00, 0x00, 0x00, 0x3f, 0xff, 0xc0, 0x00,
    0x00, 0x00, 0x00, 0x00, 0x7f, 0xff, 0xe0, 0x00, 0x00, 0x00, 0x00, 0x00, 0xff, 0xff, 0xe0, 0x00, 0x00, 0x00, 0x00,
    0x1f, 0xff, 0xff, 0xff, 0x80, 0x00, 0x00, 0x00, 0x3f, 0xff, 0xff, 0xff, 0xc0, 0x00, 0x00, 0x00, 0x7f, 0xff, 0xff,
    0xff, 0xe0, 0x00, 0x00, 0x00, 0x7f, 0xff, 0xff, 0xff, 0xe0, 0x00, 0x00, 0x00, 0xff, 0xff, 0xff, 0xff, 0xf0, 0x00,
    0x00, 0x00, 0xff, 0xff, 0xff, 0xff, 0xf0, 0x00, 0x00, 0x00, 0xff, 0xff, 0xff, 0xff, 0xf0, 0x00, 0x00, 0x00, 0xff,
    0xff, 0xff, 0xff, 0xf0, 0x00, 0x00, 0x00, 0xff, 0xff, 0xff, 0xff, 0xf0, 0x00, 0x00, 0x00, 0x7f, 0xff, 0xff, 0xff,
    0xe0, 0x00, 0x00, 0x00, 0x7f, 0xff, 0xff, 0xff, 0xe0, 0x00, 0x00, 0x00, 0x3f, 0xff, 0xff, 0xff, 0xc0, 0x00, 0x00,
    0x00, 0x0f, 0xff, 0xff, 0xff, 0x00, 0x00, 0x00, 0x00, 0x00, 0x3f, 0xff, 0x80, 0x00, 0x00, 0x00, 0x00, 0x00, 0x1f,
    0xff, 0x00, 0x00, 0x00, 0x00, 0x00, 0x00, 0x07, 0xfc, 0x00, 0x00, 0x00, 0x00, 0x00, 0x20, 0x00, 0x00, 0x00, 0x40,
    0x00, 0x00, 0x00, 0x70, 0x00, 0x00, 0x00, 0xe0, 0x00, 0x00, 0x00, 0xf0, 0x00, 0x00, 0x00, 0xf0, 0x00, 0x00, 0x00,
    0xf0, 0x00, 0xf0, 0x00, 0xf0, 0x00, 0x00, 0x00, 0xf0, 0xc0, 0xf0, 0x30, 0xf0, 0x00, 0x00, 0x00, 0x71, 0xe1, 0xe0,
    0x78, 0xe0, 0x00, 0x00, 0x00, 0x01, 0xe1, 0xfc, 0x78, 0x00, 0x00, 0x00, 0x00, 0x01, 0xe3, 0xfc, 0x78, 0x00, 0x00,
    0x00, 0x00, 0x01, 0xe3, 0xf8, 0x78, 0x00, 0x00, 0x00, 0x00, 0x00, 0x00, 0x70, 0x00, 0x00, 0x00, 0x00, 0x00, 0x00,
    0x00, 0x60, 0x00, 0x00, 0x00, 0x00, 0x00, 0x00, 0x00, 0xc0, 0x00, 0x00, 0x00, 0x00, 0x00, 0x00, 0x00, 0x80, 0x00,
    0x00, 0x00, 0x00, 0x00, 0x00, 0x00, 0x00, 0x00, 0x00, 0x00, 0x00, 0x00
};

static const lv_image_dsc_t qweather_303_large = {
  .header = {
    .magic = LV_IMAGE_HEADER_MAGIC,
    .cf = LV_COLOR_FORMAT_I1,
    .flags = 0,
    .w = 48,
    .h = 48,
    .stride = 8,
    .reserved_2 = 0,
  },
  .data_size = 392,
  .data = qweather_303_large_map,
  .reserved = NULL,
};

static const uint8_t qweather_304_small_map[] = {
    0xff, 0xff, 0xff, 0xff, 0x00, 0x00, 0x00, 0xff, 0x00, 0x00, 0x00, 0x00, 0x00, 0x00, 0x00, 0x00, 0x00, 0x00,
    0x00, 0x00, 0x00, 0x00, 0x00, 0x00, 0x00, 0x00, 0x00, 0x00, 0x07, 0x80, 0x00, 0x00, 0x0f, 0xe0, 0x00, 0x00,
    0x3f, 0xf8, 0x00, 0x00, 0x7f, 0xfc, 0x00, 0x00, 0xff, 0xfe, 0x00, 0x00, 0xff, 0xfe, 0x00, 0x00, 0xff, 0xfe,
    0x00, 0x00, 0x7f, 0xfc, 0x00, 0x00, 0x07, 0xc0, 0x00, 0x00, 0x00, 0x00, 0x00, 0x00, 0x01, 0x00, 0x00, 0x00,
    0x13, 0x30, 0x00, 0x00, 0x1b, 0x90, 0x00, 0x00, 0x01, 0x00, 0x00, 0x00, 0x00, 0x00, 0x00, 0x00
};

static const lv_image_dsc_t qweather_304_small = {
  .header = {
    .magic = LV_IMAGE_HEADER_MAGIC,
    .cf = LV_COLOR_FORMAT_I1,
    .flags = 0,
    .w = 20,
    .h = 20,
    .stride = 4,
    .reserved_2 = 0,
  },
  .data_size = 88,
  .data = qweather_304_small_map,
  .reserved = NULL,
};

static const uint8_t qweather_304_large_map[] = {
    0xff, 0xff, 0xff, 0xff, 0x00, 0x00, 0x00, 0xff, 0x00, 0x00, 0x00, 0x00, 0x00, 0x00, 0x00, 0x00, 0x00, 0x00, 0x00,
    0x00, 0x00, 0x00, 0x00, 0x00, 0x00, 0x00, 0x00, 0x00, 0x00, 0x00, 0x00, 0x00, 0x00, 0x00, 0x00, 0x00, 0x00, 0x00,
    0x00, 0x00, 0x00, 0x00, 0x00, 0x00, 0x00, 0x00, 0x00, 0x00, 0x00, 0x00, 0x00, 0x00, 0x00, 0x00, 0x00, 0x00, 0x00,
    0x00, 0x00, 0x00, 0x00, 0x00, 0x00, 0x00, 0x00, 0x00, 0x00, 0x00, 0x00, 0x00, 0x00, 0x00, 0x00, 0x00, 0x00, 0x00,
    0x00, 0x00, 0x00, 0x00, 0x00, 0x00, 0x00, 0x00, 0x00, 0x00, 0x00, 0x00, 0x00, 0x00, 0x00, 0x00, 0x00, 0x00, 0x00,
    0x00, 0x00, 0x00, 0x00, 0x00, 0x00, 0x00, 0x00, 0x00, 0x00, 0x01, 0xf8, 0x00, 0x00, 0x00, 0x00, 0x00, 0x00, 0x0f,
    0xfe, 0x00, 0x00, 0x00, 0x00, 0x00, 0x00, 0x1f, 0xff, 0x80, 0x00, 0x00, 0x00, 0x00, 0x00, 0x3f, 0xff, 0xc0, 0x00,
    0x00, 0x00, 0x00, 0x00, 0x7f, 0xff, 0xe0, 0x00, 0x00, 0x00, 0x00, 0x00, 0xff, 0xff, 0xe0, 0x00, 0x00, 0x00, 0x00,
    0x1f, 0xff, 0xff, 0xff, 0x80, 0x00, 0x00, 0x00, 0x3f, 0xff, 0xff, 0xff, 0xc0, 0x00, 0x00, 0x00, 0x7f, 0xff, 0xff,
    0xff, 0xe0, 0x00, 0x00, 0x00, 0x7f, 0xff, 0xff, 0xff, 0xe0, 0x00, 0x00, 0x00, 0xff, 0xff, 0xff, 0xff, 0xf0, 0x00,
    0x00, 0x00, 0xff, 0xff, 0xff, 0xff, 0xf0, 0x00, 0x00, 0x00, 0xff, 0xff, 0xff, 0xff, 0xf0, 0x00, 0x00, 0x00, 0xff,
    0xff, 0xff, 0xff, 0xf0, 0x00, 0x00, 0x00, 0xff, 0xff, 0xff, 0xff, 0xf0, 0x00, 0x00, 0x00, 0x7f, 0xff, 0xff, 0xff,
    0xe0, 0x00, 0x00, 0x00, 0x7f, 0xff, 0xff, 0xff, 0xe0, 0x00, 0x00, 0x00, 0x3f, 0xff, 0xff, 0xff, 0xc0, 0x00, 0x00,
    0x00, 0x0f, 0xff, 0xff, 0xff, 0x00, 0x00, 0x00, 0x00, 0x00, 0x3f, 0xff, 0x80, 0x00, 0x00, 0x00, 0x00, 0x00, 0x1f,
    0xff, 0x00, 0x00, 0x00, 0x00, 0x00, 0x00, 0x07, 0xfc, 0x00, 0x00, 0x00, 0x00, 0x00, 0x00, 0x00, 0x00, 0x00, 0x00,
    0x00, 0x00, 0x00, 0x00, 0x00, 0x00, 0x00, 0x00, 0x00, 0x00, 0x00, 0x00, 0x00, 0x00, 0x00, 0x00, 0x00, 0x00, 0x00,
    0x00, 0x00, 0xf0, 0x00, 0x00, 0x00, 0x00, 0x00, 0x00, 0xc0, 0xf0, 0x30, 0x00, 0x00, 0x00, 0x00, 0x01, 0xe1, 0xe0,
    0x78, 0x00, 0x00, 0x00, 0x00, 0x01, 0xe1, 0xfc, 0x78, 0x00, 0x00, 0x00, 0x00, 0x01, 0xe3, 0xfc, 0x78, 0x00, 0x00,
    0x00, 0x00, 0x01, 0xe3, 0xf8, 0x00, 0x00, 0x00, 0x00, 0x00, 0x00, 0x00, 0x70, 0x00, 0x00, 0x00, 0x00, 0x00, 0x00,
    0x00, 0x60, 0x00, 0x00, 0x00, 0x00, 0x00, 0x00, 0x00, 0xc0, 0x00, 0x00, 0x00, 0x00, 0x00, 0x00, 0x00, 0x80, 0x00,
    0x00, 0x00, 0x00, 0x00, 0x00, 0x00, 0x00, 0x00, 0x00, 0x00, 0x00, 0x00
};

static const lv_image_dsc_t qweather_304_large = {
  .header = {
    .magic = LV_IMAGE_HEADER_MAGIC,
    .cf = LV_COLOR_FORMAT_I1,
    .flags = 0,
    .w = 48,
    .h = 48,
    .stride = 8,
    .reserved_2 = 0,
  },
  .data_size = 392,
  .data = qweather_304_large_map,
  .reserved = NULL,
};

static const uint8_t qweather_305_small_map[] = {
    0xff, 0xff, 0xff, 0xff, 0x00, 0x00, 0x00, 0xff, 0x00, 0x00, 0x00, 0x00, 0x00, 0x00, 0x00, 0x00, 0x00, 0x00,
    0x00, 0x00, 0x00, 0x00, 0x00, 0x00, 0x00, 0x00, 0x00, 0x00, 0x07, 0x80, 0x00, 0x00, 0x0f, 0xe0, 0x00, 0x00,
    0x3f, 0xf8, 0x00, 0x00, 0x7f, 0xfc, 0x00, 0x00, 0xff, 0xfe, 0x00, 0x00, 0xff, 0xfe, 0x00, 0x00, 0xff, 0xfe,
    0x00, 0x00, 0x7f, 0xfc, 0x00, 0x00, 0x07, 0xc0, 0x00, 0x00, 0x00, 0x00, 0x00, 0x00, 0x00, 0x00, 0x00, 0x00,
    0x00, 0x00, 0x00, 0x00, 0x08, 0x20, 0x00, 0x00, 0x08, 0x20, 0x00, 0x00, 0x00, 0x00, 0x00, 0x00
};

static const lv_image_dsc_t qweather_305_small = {
  .header = {
    .magic = LV_IMAGE_HEADER_MAGIC,
    .cf = LV_COLOR_FORMAT_I1,
    .flags = 0,
    .w = 20,
    .h = 20,
    .stride = 4,
    .reserved_2 = 0,
  },
  .data_size = 88,
  .data = qweather_305_small_map,
  .reserved = NULL,
};

static const uint8_t qweather_305_large_map[] = {
    0xff, 0xff, 0xff, 0xff, 0x00, 0x00, 0x00, 0xff, 0x00, 0x00, 0x00, 0x00, 0x00, 0x00, 0x00, 0x00, 0x00, 0x00, 0x00,
    0x00, 0x00, 0x00, 0x00, 0x00, 0x00, 0x00, 0x00, 0x00, 0x00, 0x00, 0x00, 0x00, 0x00, 0x00, 0x00, 0x00, 0x00, 0x00,
    0x00, 0x00, 0x00, 0x00, 0x00, 0x00, 0x00, 0x00, 0x00, 0x00, 0x00, 0x00, 0x00, 0x00, 0x00, 0x00, 0x00, 0x00, 0x00,
    0x00, 0x00, 0x00, 0x00, 0x00, 0x00, 0x00, 0x00, 0x00, 0x00, 0x00, 0x00, 0x00, 0x00, 0x00, 0x00, 0x00, 0x00, 0x00,
    0x00, 0x00, 0x00, 0x00, 0x00, 0x00, 0x00, 0x00, 0x00, 0x00, 0x00, 0x00, 0x00, 0x00, 0x00, 0x00, 0x00, 0x00, 0x00,
    0x00, 0x00, 0x00, 0x00, 0x00, 0x00, 0x00, 0x00, 0x00, 0x00, 0x01, 0xf8, 0x00, 0x00, 0x00, 0x00, 0x00, 0x00, 0x0f,
    0xfe, 0x00, 0x00, 0x00, 0x00, 0x00, 0x00, 0x1f, 0xff, 0x80, 0x00, 0x00, 0x00, 0x00, 0x00, 0x3f, 0xff, 0xc0, 0x00,
    0x00, 0x00, 0x00, 0x00, 0x7f, 0xff, 0xe0, 0x00, 0x00, 0x00, 0x00, 0x00, 0xff, 0xff, 0xe0, 0x00, 0x00, 0x00, 0x00,
    0x1f, 0xff, 0xff, 0xff, 0x80, 0x00, 0x00, 0x00, 0x3f, 0xff, 0xff, 0xff, 0xc0, 0x00, 0x00, 0x00, 0x7f, 0xff, 0xff,
    0xff, 0xe0, 0x00, 0x00, 0x00, 0x7f, 0xff, 0xff, 0xff, 0xe0, 0x00, 0x00, 0x00, 0xff, 0xff, 0xff, 0xff, 0xf0, 0x00,
    0x00, 0x00, 0xff, 0xff, 0xff, 0xff, 0xf0, 0x00, 0x00, 0x00, 0xff, 0xff, 0xff, 0xff, 0xf0, 0x00, 0x00, 0x00, 0xff,
    0xff, 0xff, 0xff, 0xf0, 0x00, 0x00, 0x00, 0xff, 0xff, 0xff, 0xff, 0xf0, 0x00, 0x00, 0x00, 0x7f, 0xff, 0xff, 0xff,
    0xe0, 0x00, 0x00, 0x00, 0x7f, 0xff, 0xff, 0xff, 0xe0, 0x00, 0x00, 0x00, 0x3f, 0xff, 0xff, 0xff, 0xc0, 0x00, 0x00,
    0x00, 0x0f, 0xff, 0xff, 0xff, 0x00, 0x00, 0x00, 0x00, 0x00, 0x3f, 0xff, 0x80, 0x00, 0x00, 0x00, 0x00, 0x00, 0x1f,
    0xff, 0x00, 0x00, 0x00, 0x00, 0x00, 0x00, 0x07, 0xfc, 0x00, 0x00, 0x00, 0x00, 0x00, 0x00, 0x00, 0x00, 0x00, 0x00,
    0x00, 0x00, 0x00, 0x00, 0x00, 0x00, 0x00, 0x00, 0x00, 0x00, 0x00, 0x00, 0x00, 0x00, 0x00, 0x00, 0x00, 0x00, 0x00,
    0x00, 0x00, 0x00, 0x00, 0x00, 0x00, 0x00, 0x00, 0x00, 0x00, 0x00, 0x00, 0x00, 0x00, 0x00, 0x00, 0x00, 0x10, 0x00,
    0x80, 0x00, 0x00, 0x00, 0x00, 0x00, 0x30, 0x00, 0xc0, 0x00, 0x00, 0x00, 0x00, 0x00, 0x38, 0x01, 0xc0, 0x00, 0x00,
    0x00, 0x00, 0x00, 0x78, 0x01, 0xe0, 0x00, 0x00, 0x00, 0x00, 0x00, 0x78, 0x01, 0xe0, 0x00, 0x00, 0x00, 0x00, 0x00,
    0x78, 0x01, 0xe0, 0x00, 0x00, 0x00, 0x00, 0x00, 0x30, 0x00, 0xc0, 0x00, 0x00, 0x00, 0x00, 0x00, 0x00, 0x00, 0x00,
    0x00, 0x00, 0x00, 0x00, 0x00, 0x00, 0x00, 0x00, 0x00, 0x00, 0x00, 0x00
};

static const lv_image_dsc_t qweather_305_large = {
  .header = {
    .magic = LV_IMAGE_HEADER_MAGIC,
    .cf = LV_COLOR_FORMAT_I1,
    .flags = 0,
    .w = 48,
    .h = 48,
    .stride = 8,
    .reserved_2 = 0,
  },
  .data_size = 392,
  .data = qweather_305_large_map,
  .reserved = NULL,
};

static const uint8_t qweather_306_small_map[] = {
    0xff, 0xff, 0xff, 0xff, 0x00, 0x00, 0x00, 0xff, 0x00, 0x00, 0x00, 0x00, 0x00, 0x00, 0x00, 0x00, 0x00, 0x00,
    0x00, 0x00, 0x00, 0x00, 0x00, 0x00, 0x00, 0x00, 0x00, 0x00, 0x07, 0x80, 0x00, 0x00, 0x0f, 0xe0, 0x00, 0x00,
    0x3f, 0xf8, 0x00, 0x00, 0x7f, 0xfc, 0x00, 0x00, 0xff, 0xfe, 0x00, 0x00, 0xff, 0xfe, 0x00, 0x00, 0xff, 0xfe,
    0x00, 0x00, 0x7f, 0xfc, 0x00, 0x00, 0x07, 0xc0, 0x00, 0x00, 0x00, 0x00, 0x00, 0x00, 0x00, 0x00, 0x00, 0x00,
    0x20, 0x18, 0x00, 0x00, 0x30, 0x18, 0x00, 0x00, 0x01, 0x00, 0x00, 0x00, 0x01, 0x00, 0x00, 0x00
};

static const lv_image_dsc_t qweather_306_small = {
  .header = {
    .magic = LV_IMAGE_HEADER_MAGIC,
    .cf = LV_COLOR_FORMAT_I1,
    .flags = 0,
    .w = 20,
    .h = 20,
    .stride = 4,
    .reserved_2 = 0,
  },
  .data_size = 88,
  .data = qweather_306_small_map,
  .reserved = NULL,
};

static const uint8_t qweather_306_large_map[] = {
    0xff, 0xff, 0xff, 0xff, 0x00, 0x00, 0x00, 0xff, 0x00, 0x00, 0x00, 0x00, 0x00, 0x00, 0x00, 0x00, 0x00, 0x00, 0x00,
    0x00, 0x00, 0x00, 0x00, 0x00, 0x00, 0x00, 0x00, 0x00, 0x00, 0x00, 0x00, 0x00, 0x00, 0x00, 0x00, 0x00, 0x00, 0x00,
    0x00, 0x00, 0x00, 0x00, 0x00, 0x00, 0x00, 0x00, 0x00, 0x00, 0x00, 0x00, 0x00, 0x00, 0x00, 0x00, 0x00, 0x00, 0x00,
    0x00, 0x00, 0x00, 0x00, 0x00, 0x00, 0x00, 0x00, 0x00, 0x00, 0x00, 0x00, 0x00, 0x00, 0x00, 0x00, 0x00, 0x00, 0x00,
    0x00, 0x00, 0x00, 0x00, 0x00, 0x00, 0x00, 0x00, 0x00, 0x00, 0x00, 0x00, 0x00, 0x00, 0x00, 0x00, 0x00, 0x00, 0x00,
    0x00, 0x00, 0x00, 0x00, 0x00, 0x00, 0x00, 0x00, 0x00, 0x00, 0x01, 0xf8, 0x00, 0x00, 0x00, 0x00, 0x00, 0x00, 0x0f,
    0xfe, 0x00, 0x00, 0x00, 0x00, 0x00, 0x00, 0x1f, 0xff, 0x80, 0x00, 0x00, 0x00, 0x00, 0x00, 0x3f, 0xff, 0xc0, 0x00,
    0x00, 0x00, 0x00, 0x00, 0x7f, 0xff, 0xe0, 0x00, 0x00, 0x00, 0x00, 0x00, 0xff, 0xff, 0xe0, 0x00, 0x00, 0x00, 0x00,
    0x1f, 0xff, 0xff, 0xff, 0x80, 0x00, 0x00, 0x00, 0x3f, 0xff, 0xff, 0xff, 0xc0, 0x00, 0x00, 0x00, 0x7f, 0xff, 0xff,
    0xff, 0xe0, 0x00, 0x00, 0x00, 0x7f, 0xff, 0xff, 0xff, 0xe0, 0x00, 0x00, 0x00, 0xff, 0xff, 0xff, 0xff, 0xf0, 0x00,
    0x00, 0x00, 0xff, 0xff, 0xff, 0xff, 0xf0, 0x00, 0x00, 0x00, 0xff, 0xff, 0xff, 0xff, 0xf0, 0x00, 0x00, 0x00, 0xff,
    0xff, 0xff, 0xff, 0xf0, 0x00, 0x00, 0x00, 0xff, 0xff, 0xff, 0xff, 0xf0, 0x00, 0x00, 0x00, 0x7f, 0xff, 0xff, 0xff,
    0xe0, 0x00, 0x00, 0x00, 0x7f, 0xff, 0xff, 0xff, 0xe0, 0x00, 0x00, 0x00, 0x3f, 0xff, 0xff, 0xff, 0xc0, 0x00, 0x00,
    0x00, 0x0f, 0xff, 0xff, 0xff, 0x00, 0x00, 0x00, 0x00, 0x00, 0x3f, 0xff, 0x80, 0x00, 0x00, 0x00, 0x00, 0x00, 0x1f,
    0xff, 0x00, 0x00, 0x00, 0x00, 0x00, 0x00, 0x07, 0xfc, 0x00, 0x00, 0x00, 0x00, 0x00, 0x00, 0x00, 0x00, 0x00, 0x00,
    0x00, 0x00, 0x00, 0x00, 0x00, 0x00, 0x00, 0x00, 0x00, 0x00, 0x00, 0x00, 0x00, 0x00, 0x00, 0x00, 0x00, 0x00, 0x00,
    0x02, 0x00, 0x00, 0x04, 0x00, 0x00, 0x00, 0x00, 0x03, 0x00, 0x00, 0x0c, 0x00, 0x00, 0x00, 0x00, 0x07, 0x00, 0x00,
    0x0e, 0x00, 0x00, 0x00, 0x00, 0x07, 0x80, 0x00, 0x1e, 0x00, 0x00, 0x00, 0x00, 0x07, 0x80, 0x00, 0x1e, 0x00, 0x00,
    0x00, 0x00, 0x07, 0x80, 0x60, 0x1e, 0x00, 0x00, 0x00, 0x00, 0x00, 0x00, 0x60, 0x00, 0x00, 0x00, 0x00, 0x00, 0x00,
    0x00, 0xf0, 0x00, 0x00, 0x00, 0x00, 0x00, 0x00, 0x00, 0xf0, 0x00, 0x00, 0x00, 0x00, 0x00, 0x00, 0x00, 0xf0, 0x00,
    0x00, 0x00, 0x00, 0x00, 0x00, 0x00, 0x60, 0x00, 0x00, 0x00, 0x00, 0x00
};

static const lv_image_dsc_t qweather_306_large = {
  .header = {
    .magic = LV_IMAGE_HEADER_MAGIC,
    .cf = LV_COLOR_FORMAT_I1,
    .flags = 0,
    .w = 48,
    .h = 48,
    .stride = 8,
    .reserved_2 = 0,
  },
  .data_size = 392,
  .data = qweather_306_large_map,
  .reserved = NULL,
};

static const uint8_t qweather_307_small_map[] = {
    0xff, 0xff, 0xff, 0xff, 0x00, 0x00, 0x00, 0xff, 0x00, 0x00, 0x00, 0x00, 0x00, 0x00, 0x00, 0x00, 0x00, 0x00,
    0x00, 0x00, 0x00, 0x00, 0x00, 0x00, 0x00, 0x00, 0x00, 0x00, 0x07, 0x80, 0x00, 0x00, 0x0f, 0xe0, 0x00, 0x00,
    0x3f, 0xf8, 0x00, 0x00, 0x7f, 0xfc, 0x00, 0x00, 0xff, 0xfe, 0x00, 0x00, 0xff, 0xfe, 0x00, 0x00, 0xff, 0xfe,
    0x00, 0x00, 0x7f, 0xfc, 0x00, 0x00, 0x07, 0xc0, 0x00, 0x00, 0x00, 0x00, 0x00, 0x00, 0x40, 0x04, 0x00, 0x00,
    0x60, 0x0c, 0x00, 0x00, 0x00, 0x00, 0x00, 0x00, 0x04, 0x40, 0x00, 0x00, 0x04, 0x40, 0x00, 0x00
};

static const lv_image_dsc_t qweather_307_small = {
  .header = {
    .magic = LV_IMAGE_HEADER_MAGIC,
    .cf = LV_COLOR_FORMAT_I1,
    .flags = 0,
    .w = 20,
    .h = 20,
    .stride = 4,
    .reserved_2 = 0,
  },
  .data_size = 88,
  .data = qweather_307_small_map,
  .reserved = NULL,
};

static const uint8_t qweather_307_large_map[] = {
    0xff, 0xff, 0xff, 0xff, 0x00, 0x00, 0x00, 0xff, 0x00, 0x00, 0x00, 0x00, 0x00, 0x00, 0x00, 0x00, 0x00, 0x00, 0x00,
    0x00, 0x00, 0x00, 0x00, 0x00, 0x00, 0x00, 0x00, 0x00, 0x00, 0x00, 0x00, 0x00, 0x00, 0x00, 0x00, 0x00, 0x00, 0x00,
    0x00, 0x00, 0x00, 0x00, 0x00, 0x00, 0x00, 0x00, 0x00, 0x00, 0x00, 0x00, 0x00, 0x00, 0x00, 0x00, 0x00, 0x00, 0x00,
    0x00, 0x00, 0x00, 0x00, 0x00, 0x00, 0x00, 0x00, 0x00, 0x00, 0x00, 0x00, 0x00, 0x00, 0x00, 0x00, 0x00, 0x00, 0x00,
    0x00, 0x00, 0x00, 0x00, 0x00, 0x00, 0x00, 0x00, 0x00, 0x00, 0x00, 0x00, 0x00, 0x00, 0x00, 0x00, 0x00, 0x00, 0x00,
    0x00, 0x00, 0x00, 0x00, 0x00, 0x00, 0x00, 0x00, 0x00, 0x00, 0x01, 0xf8, 0x00, 0x00, 0x00, 0x00, 0x00, 0x00, 0x0f,
    0xfe, 0x00, 0x00, 0x00, 0x00, 0x00, 0x00, 0x1f, 0xff, 0x80, 0x00, 0x00, 0x00, 0x00, 0x00, 0x3f, 0xff, 0xc0, 0x00,
    0x00, 0x00, 0x00, 0x00, 0x7f, 0xff, 0xe0, 0x00, 0x00, 0x00, 0x00, 0x00, 0xff, 0xff, 0xe0, 0x00, 0x00, 0x00, 0x00,
    0x1f, 0xff, 0xff, 0xff, 0x80, 0x00, 0x00, 0x00, 0x3f, 0xff, 0xff, 0xff, 0xc0, 0x00, 0x00, 0x00, 0x7f, 0xff, 0xff,
    0xff, 0xe0, 0x00, 0x00, 0x00, 0x7f, 0xff, 0xff, 0xff, 0xe0, 0x00, 0x00, 0x00, 0xff, 0xff, 0xff, 0xff, 0xf0, 0x00,
    0x00, 0x00, 0xff, 0xff, 0xff, 0xff, 0xf0, 0x00, 0x00, 0x00, 0xff, 0xff, 0xff, 0xff, 0xf0, 0x00, 0x00, 0x00, 0xff,
    0xff, 0xff, 0xff, 0xf0, 0x00, 0x00, 0x00, 0xff, 0xff, 0xff, 0xff, 0xf0, 0x00, 0x00, 0x00, 0x7f, 0xff, 0xff, 0xff,
    0xe0, 0x00, 0x00, 0x00, 0x7f, 0xff, 0xff, 0xff, 0xe0, 0x00, 0x00, 0x00, 0x3f, 0xff, 0xff, 0xff, 0xc0, 0x00, 0x00,
    0x00, 0x0f, 0xff, 0xff, 0xff, 0x00, 0x00, 0x00, 0x00, 0x00, 0x3f, 0xff, 0x80, 0x00, 0x00, 0x00, 0x00, 0x00, 0x1f,
    0xff, 0x00, 0x00, 0x00, 0x00, 0x00, 0x00, 0x07, 0xfc, 0x00, 0x00, 0x00, 0x00, 0x00, 0x00, 0x00, 0x00, 0x00, 0x00,
    0x00, 0x00, 0x00, 0x00, 0x00, 0x00, 0x00, 0x00, 0x00, 0x00, 0x00, 0x08, 0x00, 0x00, 0x01, 0x00, 0x00, 0x00, 0x00,
    0x1c, 0x00, 0x00, 0x03, 0x80, 0x00, 0x00, 0x00, 0x1c, 0x00, 0x00, 0x03, 0x80, 0x00, 0x00, 0x00, 0x3e, 0x00, 0x00,
    0x07, 0xc0, 0x00, 0x00, 0x00, 0x3e, 0x00, 0x00, 0x07, 0xc0, 0x00, 0x00, 0x00, 0x1c, 0x00, 0x00, 0x03, 0x80, 0x00,
    0x00, 0x00, 0x00, 0x04, 0x02, 0x00, 0x00, 0x00, 0x00, 0x00, 0x00, 0x0e, 0x07, 0x00, 0x00, 0x00, 0x00, 0x00, 0x00,
    0x0e, 0x07, 0x00, 0x00, 0x00, 0x00, 0x00, 0x00, 0x1f, 0x0f, 0x80, 0x00, 0x00, 0x00, 0x00, 0x00, 0x1f, 0x0f, 0x80,
    0x00, 0x00, 0x00, 0x00, 0x00, 0x0e, 0x07, 0x00, 0x00, 0x00, 0x00, 0x00
};

static const lv_image_dsc_t qweather_307_large = {
  .header = {
    .magic = LV_IMAGE_HEADER_MAGIC,
    .cf = LV_COLOR_FORMAT_I1,
    .flags = 0,
    .w = 48,
    .h = 48,
    .stride = 8,
    .reserved_2 = 0,
  },
  .data_size = 392,
  .data = qweather_307_large_map,
  .reserved = NULL,
};

static const uint8_t qweather_308_small_map[] = {
    0xff, 0xff, 0xff, 0xff, 0x00, 0x00, 0x00, 0xff, 0x00, 0x00, 0x00, 0x00, 0x00, 0x00, 0x00, 0x00, 0x00, 0x00,
    0x00, 0x00, 0x00, 0x00, 0x00, 0x00, 0x00, 0x00, 0x00, 0x00, 0x07, 0x80, 0x00, 0x00, 0x0f, 0xe0, 0x00, 0x00,
    0x3f, 0xf8, 0x00, 0x00, 0x7f, 0xfc, 0x00, 0x00, 0xff, 0xfe, 0x00, 0x00, 0xff, 0xfe, 0x00, 0x00, 0xff, 0xfe,
    0x00, 0x00, 0x7f, 0xfc, 0x00, 0x00, 0x07, 0xc0, 0x00, 0x00, 0x00, 0x00, 0x00, 0x00, 0x80, 0x02, 0x00, 0x00,
    0xa0, 0x1a, 0x00, 0x00, 0x34, 0x58, 0x00, 0x00, 0x05, 0x40, 0x00, 0x00, 0x01, 0x00, 0x00, 0x00
};

static const lv_image_dsc_t qweather_308_small = {
  .header = {
    .magic = LV_IMAGE_HEADER_MAGIC,
    .cf = LV_COLOR_FORMAT_I1,
    .flags = 0,
    .w = 20,
    .h = 20,
    .stride = 4,
    .reserved_2 = 0,
  },
  .data_size = 88,
  .data = qweather_308_small_map,
  .reserved = NULL,
};

static const uint8_t qweather_308_large_map[] = {
    0xff, 0xff, 0xff, 0xff, 0x00, 0x00, 0x00, 0xff, 0x00, 0x00, 0x00, 0x00, 0x00, 0x00, 0x00, 0x00, 0x00, 0x00, 0x00,
    0x00, 0x00, 0x00, 0x00, 0x00, 0x00, 0x00, 0x00, 0x00, 0x00, 0x00, 0x00, 0x00, 0x00, 0x00, 0x00, 0x00, 0x00, 0x00,
    0x00, 0x00, 0x00, 0x00, 0x00, 0x00, 0x00, 0x00, 0x00, 0x00, 0x00, 0x00, 0x00, 0x00, 0x00, 0x00, 0x00, 0x00, 0x00,
    0x00, 0x00, 0x00, 0x00, 0x00, 0x00, 0x00, 0x00, 0x00, 0x00, 0x00, 0x00, 0x00, 0x00, 0x00, 0x00, 0x00, 0x00, 0x00,
    0x00, 0x00, 0x00, 0x00, 0x00, 0x00, 0x00, 0x00, 0x00, 0x00, 0x00, 0x00, 0x00, 0x00, 0x00, 0x00, 0x00, 0x00, 0x00,
    0x00, 0x00, 0x00, 0x00, 0x00, 0x00, 0x00, 0x00, 0x00, 0x00, 0x01, 0xf8, 0x00, 0x00, 0x00, 0x00, 0x00, 0x00, 0x0f,
    0xfe, 0x00, 0x00, 0x00, 0x00, 0x00, 0x00, 0x1f, 0xff, 0x80, 0x00, 0x00, 0x00, 0x00, 0x00, 0x3f, 0xff, 0xc0, 0x00,
    0x00, 0x00, 0x00, 0x00, 0x7f, 0xff, 0xe0, 0x00, 0x00, 0x00, 0x00, 0x00, 0xff, 0xff, 0xe0, 0x00, 0x00, 0x00, 0x00,
    0x1f, 0xff, 0xff, 0xff, 0x80, 0x00, 0x00, 0x00, 0x3f, 0xff, 0xff, 0xff, 0xc0, 0x00, 0x00, 0x00, 0x7f, 0xff, 0xff,
    0xff, 0xe0, 0x00, 0x00, 0x00, 0x7f, 0xff, 0xff, 0xff, 0xe0, 0x00, 0x00, 0x00, 0xff, 0xff, 0xff, 0xff, 0xf0, 0x00,
    0x00, 0x00, 0xff, 0xff, 0xff, 0xff, 0xf0, 0x00, 0x00, 0x00, 0xff, 0xff, 0xff, 0xff, 0xf0, 0x00, 0x00, 0x00, 0xff,
    0xff, 0xff, 0xff, 0xf0, 0x00, 0x00, 0x00, 0xff, 0xff, 0xff, 0xff, 0xf0, 0x00, 0x00, 0x00, 0x7f, 0xff, 0xff, 0xff,
    0xe0, 0x00, 0x00, 0x00, 0x7f, 0xff, 0xff, 0xff, 0xe0, 0x00, 0x00, 0x00, 0x3f, 0xff, 0xff, 0xff, 0xc0, 0x00, 0x00,
    0x00, 0x0f, 0xff, 0xff, 0xff, 0x00, 0x00, 0x00, 0x00, 0x00, 0x3f, 0xff, 0x80, 0x00, 0x00, 0x00, 0x00, 0x00, 0x1f,
    0xff, 0x00, 0x00, 0x00, 0x00, 0x00, 0x00, 0x07, 0xfc, 0x00, 0x00, 0x00, 0x00, 0x00, 0x00, 0x00, 0x00, 0x00, 0x00,
    0x00, 0x00, 0x00, 0xc0, 0x00, 0x00, 0x00, 0x30, 0x00, 0x00, 0x00, 0xc0, 0x00, 0x00, 0x00, 0x30, 0x00, 0x00, 0x00,
    0xc2, 0x00, 0x00, 0x04, 0x30, 0x00, 0x00, 0x00, 0xc3, 0x00, 0x00, 0x0c, 0x30, 0x00, 0x00, 0x00, 0xc7, 0x08, 0x01,
    0x0e, 0x30, 0x00, 0x00, 0x00, 0xc7, 0x98, 0x01, 0x9e, 0x30, 0x00, 0x00, 0x00, 0x07, 0x9c, 0x03, 0x9e, 0x00, 0x00,
    0x00, 0x00, 0x07, 0x9c, 0x63, 0x9e, 0x00, 0x00, 0x00, 0x00, 0x00, 0x1c, 0x63, 0x80, 0x00, 0x00, 0x00, 0x00, 0x00,
    0x18, 0xf1, 0x80, 0x00, 0x00, 0x00, 0x00, 0x00, 0x08, 0xf1, 0x00, 0x00, 0x00, 0x00, 0x00, 0x00, 0x00, 0xf0, 0x00,
    0x00, 0x00, 0x00, 0x00, 0x00, 0x00, 0x60, 0x00, 0x00, 0x00, 0x00, 0x00
};

static const lv_image_dsc_t qweather_308_large = {
  .header = {
    .magic = LV_IMAGE_HEADER_MAGIC,
    .cf = LV_COLOR_FORMAT_I1,
    .flags = 0,
    .w = 48,
    .h = 48,
    .stride = 8,
    .reserved_2 = 0,
  },
  .data_size = 392,
  .data = qweather_308_large_map,
  .reserved = NULL,
};

static const uint8_t qweather_309_small_map[] = {
    0xff, 0xff, 0xff, 0xff, 0x00, 0x00, 0x00, 0xff, 0x00, 0x00, 0x00, 0x00, 0x00, 0x00, 0x00, 0x00, 0x00, 0x00,
    0x00, 0x00, 0x00, 0x00, 0x00, 0x00, 0x00, 0x00, 0x00, 0x00, 0x07, 0x80, 0x00, 0x00, 0x0f, 0xe0, 0x00, 0x00,
    0x3f, 0xf8, 0x00, 0x00, 0x7f, 0xfc, 0x00, 0x00, 0xff, 0xfe, 0x00, 0x00, 0xff, 0xfe, 0x00, 0x00, 0xff, 0xfe,
    0x00, 0x00, 0x7f, 0xfc, 0x00, 0x00, 0x07, 0xc0, 0x00, 0x00, 0x00, 0x00, 0x00, 0x00, 0x00, 0x00, 0x00, 0x00,
    0x00, 0x00, 0x00, 0x00, 0x11, 0x00, 0x00, 0x00, 0x00, 0x00, 0x00, 0x00, 0x00, 0x00, 0x00, 0x00
};

static const lv_image_dsc_t qweather_309_small = {
  .header = {
    .magic = LV_IMAGE_HEADER_MAGIC,
    .cf = LV_COLOR_FORMAT_I1,
    .flags = 0,
    .w = 20,
    .h = 20,
    .stride = 4,
    .reserved_2 = 0,
  },
  .data_size = 88,
  .data = qweather_309_small_map,
  .reserved = NULL,
};

static const uint8_t qweather_309_large_map[] = {
    0xff, 0xff, 0xff, 0xff, 0x00, 0x00, 0x00, 0xff, 0x00, 0x00, 0x00, 0x00, 0x00, 0x00, 0x00, 0x00, 0x00, 0x00, 0x00,
    0x00, 0x00, 0x00, 0x00, 0x00, 0x00, 0x00, 0x00, 0x00, 0x00, 0x00, 0x00, 0x00, 0x00, 0x00, 0x00, 0x00, 0x00, 0x00,
    0x00, 0x00, 0x00, 0x00, 0x00, 0x00, 0x00, 0x00, 0x00, 0x00, 0x00, 0x00, 0x00, 0x00, 0x00, 0x00, 0x00, 0x00, 0x00,
    0x00, 0x00, 0x00, 0x00, 0x00, 0x00, 0x00, 0x00, 0x00, 0x00, 0x00, 0x00, 0x00, 0x00, 0x00, 0x00, 0x00, 0x00, 0x00,
    0x00, 0x00, 0x00, 0x00, 0x00, 0x00, 0x00, 0x00, 0x00, 0x00, 0x00, 0x00, 0x00, 0x00, 0x00, 0x00, 0x00, 0x00, 0x00,
    0x00, 0x00, 0x00, 0x00, 0x00, 0x00, 0x00, 0x00, 0x00, 0x00, 0x01, 0xf8, 0x00, 0x00, 0x00, 0x00, 0x00, 0x00, 0x0f,
    0xfe, 0x00, 0x00, 0x00, 0x00, 0x00, 0x00, 0x1f, 0xff, 0x80, 0x00, 0x00, 0x00, 0x00, 0x00, 0x3f, 0xff, 0xc0, 0x00,
    0x00, 0x00, 0x00, 0x00, 0x7f, 0xff, 0xe0, 0x00, 0x00, 0x00, 0x00, 0x00, 0xff, 0xff, 0xe0, 0x00, 0x00, 0x00, 0x00,
    0x1f, 0xff, 0xff, 0xff, 0x80, 0x00, 0x00, 0x00, 0x3f, 0xff, 0xff, 0xff, 0xc0, 0x00, 0x00, 0x00, 0x7f, 0xff, 0xff,
    0xff, 0xe0, 0x00, 0x00, 0x00, 0x7f, 0xff, 0xff, 0xff, 0xe0, 0x00, 0x00, 0x00, 0xff, 0xff, 0xff, 0xff, 0xf0, 0x00,
    0x00, 0x00, 0xff, 0xff, 0xff, 0xff, 0xf0, 0x00, 0x00, 0x00, 0xff, 0xff, 0xff, 0xff, 0xf0, 0x00, 0x00, 0x00, 0xff,
    0xff, 0xff, 0xff, 0xf0, 0x00, 0x00, 0x00, 0xff, 0xff, 0xff, 0xff, 0xf0, 0x00, 0x00, 0x00, 0x7f, 0xff, 0xff, 0xff,
    0xe0, 0x00, 0x00, 0x00, 0x7f, 0xff, 0xff, 0xff, 0xe0, 0x00, 0x00, 0x00, 0x3f, 0xff, 0xff, 0xff, 0xc0, 0x00, 0x00,
    0x00, 0x0f, 0xff, 0xff, 0xff, 0x00, 0x00, 0x00, 0x00, 0x00, 0x3f, 0xff, 0x80, 0x00, 0x00, 0x00, 0x00, 0x00, 0x1f,
    0xff, 0x00, 0x00, 0x00, 0x00, 0x00, 0x00, 0x07, 0xfc, 0x00, 0x00, 0x00, 0x00, 0x00, 0x00, 0x00, 0x00, 0x00, 0x00,
    0x00, 0x00, 0x00, 0x00, 0x00, 0x00, 0x00, 0x00, 0x00, 0x00, 0x00, 0x00, 0x00, 0x00, 0x00, 0x00, 0x00, 0x00, 0x00,
    0x00, 0x00, 0x00, 0x00, 0x00, 0x00, 0x00, 0x00, 0x00, 0x00, 0x00, 0x00, 0x00, 0x00, 0x00, 0x00, 0x00, 0x00, 0x10,
    0x00, 0x00, 0x00, 0x00, 0x00, 0x00, 0x00, 0x30, 0x00, 0x00, 0x00, 0x00, 0x00, 0x00, 0x80, 0x20, 0x0c, 0x00, 0x00,
    0x00, 0x00, 0x00, 0x80, 0x60, 0x08, 0x00, 0x00, 0x00, 0x00, 0x01, 0x00, 0x40, 0x18, 0x00, 0x00, 0x00, 0x00, 0x03,
    0x00, 0x80, 0x10, 0x00, 0x00, 0x00, 0x00, 0x00, 0x00, 0x80, 0x00, 0x00, 0x00, 0x00, 0x00, 0x00, 0x01, 0x00, 0x00,
    0x00, 0x00, 0x00, 0x00, 0x00, 0x00, 0x00, 0x00, 0x00, 0x00, 0x00, 0x00
};

static const lv_image_dsc_t qweather_309_large = {
  .header = {
    .magic = LV_IMAGE_HEADER_MAGIC,
    .cf = LV_COLOR_FORMAT_I1,
    .flags = 0,
    .w = 48,
    .h = 48,
    .stride = 8,
    .reserved_2 = 0,
  },
  .data_size = 392,
  .data = qweather_309_large_map,
  .reserved = NULL,
};

static const uint8_t qweather_310_small_map[] = {
    0xff, 0xff, 0xff, 0xff, 0x00, 0x00, 0x00, 0xff, 0x00, 0x00, 0x00, 0x00, 0x00, 0x00, 0x00, 0x00, 0x00, 0x00,
    0x00, 0x00, 0x00, 0x00, 0x00, 0x00, 0x00, 0x00, 0x00, 0x00, 0x07, 0x80, 0x00, 0x00, 0x0f, 0xe0, 0x00, 0x00,
    0x3f, 0xf8, 0x00, 0x00, 0x7f, 0xfc, 0x00, 0x00, 0xff, 0xfe, 0x00, 0x00, 0xff, 0xfe, 0x00, 0x00, 0xff, 0xfe,
    0x00, 0x00, 0x7f, 0xfc, 0x00, 0x00, 0x07, 0xc0, 0x00, 0x00, 0x40, 0x00, 0x00, 0x00, 0x60, 0x0c, 0x00, 0x00,
    0x48, 0x24, 0x00, 0x00, 0x08, 0x20, 0x00, 0x00, 0x01, 0x00, 0x00, 0x00, 0x01, 0x00, 0x00, 0x00
};

static const lv_image_dsc_t qweather_310_small = {
  .header = {
    .magic = LV_IMAGE_HEADER_MAGIC,
    .cf = LV_COLOR_FORMAT_I1,
    .flags = 0,
    .w = 20,
    .h = 20,
    .stride = 4,
    .reserved_2 = 0,
  },
  .data_size = 88,
  .data = qweather_310_small_map,
  .reserved = NULL,
};

static const uint8_t qweather_310_large_map[] = {
    0xff, 0xff, 0xff, 0xff, 0x00, 0x00, 0x00, 0xff, 0x00, 0x00, 0x00, 0x00, 0x00, 0x00, 0x00, 0x00, 0x00, 0x00, 0x00,
    0x00, 0x00, 0x00, 0x00, 0x00, 0x00, 0x00, 0x00, 0x00, 0x00, 0x00, 0x00, 0x00, 0x00, 0x00, 0x00, 0x00, 0x00, 0x00,
    0x00, 0x00, 0x00, 0x00, 0x00, 0x00, 0x00, 0x00, 0x00, 0x00, 0x00, 0x00, 0x00, 0x00, 0x00, 0x00, 0x00, 0x00, 0x00,
    0x00, 0x00, 0x00, 0x00, 0x00, 0x00, 0x00, 0x00, 0x00, 0x00, 0x00, 0x00, 0x00, 0x00, 0x00, 0x00, 0x00, 0x00, 0x00,
    0x00, 0x00, 0x00, 0x00, 0x00, 0x00, 0x00, 0x00, 0x00, 0x00, 0x00, 0x00, 0x00, 0x00, 0x00, 0x00, 0x00, 0x00, 0x00,
    0x00, 0x00, 0x00, 0x00, 0x00, 0x00, 0x00, 0x00, 0x00, 0x00, 0x01, 0xf8, 0x00, 0x00, 0x00, 0x00, 0x00, 0x00, 0x0f,
    0xfe, 0x00, 0x00, 0x00, 0x00, 0x00, 0x00, 0x1f, 0xff, 0x80, 0x00, 0x00, 0x00, 0x00, 0x00, 0x3f, 0xff, 0xc0, 0x00,
    0x00, 0x00, 0x00, 0x00, 0x7f, 0xff, 0xe0, 0x00, 0x00, 0x00, 0x00, 0x00, 0xff, 0xff, 0xe0, 0x00, 0x00, 0x00, 0x00,
    0x1f, 0xff, 0xff, 0xff, 0x80, 0x00, 0x00, 0x00, 0x3f, 0xff, 0xff, 0xff, 0xc0, 0x00, 0x00, 0x00, 0x7f, 0xff, 0xff,
    0xff, 0xe0, 0x00, 0x00, 0x00, 0x7f, 0xff, 0xff, 0xff, 0xe0, 0x00, 0x00, 0x00, 0xff, 0xff, 0xff, 0xff, 0xf0, 0x00,
    0x00, 0x00, 0xff, 0xff, 0xff, 0xff, 0xf0, 0x00, 0x00, 0x00, 0xff, 0xff, 0xff, 0xff, 0xf0, 0x00, 0x00, 0x00, 0xff,
    0xff, 0xff, 0xff, 0xf0, 0x00, 0x00, 0x00, 0xff, 0xff, 0xff, 0xff, 0xf0, 0x00, 0x00, 0x00, 0x7f, 0xff, 0xff, 0xff,
    0xe0, 0x00, 0x00, 0x00, 0x7f, 0xff, 0xff, 0xff, 0xe0, 0x00, 0x00, 0x00, 0x3f, 0xff, 0xff, 0xff, 0xc0, 0x00, 0x00,
    0x00, 0x0f, 0xff, 0xff, 0xff, 0x00, 0x00, 0x00, 0x00, 0x00, 0x3f, 0xff, 0x80, 0x00, 0x00, 0x00, 0x00, 0x00, 0x1f,
    0xff, 0x00, 0x00, 0x00, 0x00, 0x00, 0x00, 0x07, 0xfc, 0x00, 0x00, 0x00, 0x00, 0x00, 0x08, 0x00, 0x00, 0x01, 0x00,
    0x00, 0x00, 0x00, 0x1c, 0x00, 0x00, 0x03, 0x80, 0x00, 0x00, 0x00, 0x1c, 0x00, 0x00, 0x03, 0x80, 0x00, 0x00, 0x00,
    0x3e, 0x10, 0x00, 0x87, 0xc0, 0x00, 0x00, 0x00, 0x3e, 0x30, 0x00, 0xc7, 0xc0, 0x00, 0x00, 0x00, 0x1c, 0x38, 0x01,
    0xc3, 0x80, 0x00, 0x00, 0x00, 0x00, 0x78, 0x01, 0xe0, 0x00, 0x00, 0x00, 0x00, 0x00, 0x78, 0x01, 0xe0, 0x00, 0x00,
    0x00, 0x00, 0x00, 0x78, 0x61, 0xe0, 0x00, 0x00, 0x00, 0x00, 0x00, 0x00, 0x60, 0x00, 0x00, 0x00, 0x00, 0x00, 0x00,
    0x00, 0xf0, 0x00, 0x00, 0x00, 0x00, 0x00, 0x00, 0x00, 0xf0, 0x00, 0x00, 0x00, 0x00, 0x00, 0x00, 0x00, 0xf0, 0x00,
    0x00, 0x00, 0x00, 0x00, 0x00, 0x00, 0x60, 0x00, 0x00, 0x00, 0x00, 0x00
};

static const lv_image_dsc_t qweather_310_large = {
  .header = {
    .magic = LV_IMAGE_HEADER_MAGIC,
    .cf = LV_COLOR_FORMAT_I1,
    .flags = 0,
    .w = 48,
    .h = 48,
    .stride = 8,
    .reserved_2 = 0,
  },
  .data_size = 392,
  .data = qweather_310_large_map,
  .reserved = NULL,
};

static const uint8_t qweather_311_small_map[] = {
    0xff, 0xff, 0xff, 0xff, 0x00, 0x00, 0x00, 0xff, 0x00, 0x00, 0x00, 0x00, 0x00, 0x00, 0x00, 0x00, 0x00, 0x00,
    0x00, 0x00, 0x00, 0x00, 0x00, 0x00, 0x00, 0x00, 0x00, 0x00, 0x07, 0x80, 0x00, 0x00, 0x0f, 0xe0, 0x00, 0x00,
    0x3f, 0xf8, 0x00, 0x00, 0x7f, 0xfc, 0x00, 0x00, 0xff, 0xfe, 0x00, 0x00, 0xff, 0xfe, 0x00, 0x00, 0xff, 0xfe,
    0x00, 0x00, 0x7f, 0xfc, 0x00, 0x00, 0x07, 0xc0, 0x00, 0x00, 0x00, 0x00, 0x00, 0x00, 0x00, 0x00, 0x00, 0x00,
    0x21, 0x24, 0x00, 0x00, 0x49, 0x20, 0x00, 0x00, 0x02, 0x00, 0x00, 0x00, 0x02, 0x00, 0x00, 0x00
};

static const lv_image_dsc_t qweather_311_small = {
  .header = {
    .magic = LV_IMAGE_HEADER_MAGIC,
    .cf = LV_COLOR_FORMAT_I1,
    .flags = 0,
    .w = 20,
    .h = 20,
    .stride = 4,
    .reserved_2 = 0,
  },
  .data_size = 88,
  .data = qweather_311_small_map,
  .reserved = NULL,
};

static const uint8_t qweather_311_large_map[] = {
    0xff, 0xff, 0xff, 0xff, 0x00, 0x00, 0x00, 0xff, 0x00, 0x00, 0x00, 0x00, 0x00, 0x00, 0x00, 0x00, 0x00, 0x00, 0x00,
    0x00, 0x00, 0x00, 0x00, 0x00, 0x00, 0x00, 0x00, 0x00, 0x00, 0x00, 0x00, 0x00, 0x00, 0x00, 0x00, 0x00, 0x00, 0x00,
    0x00, 0x00, 0x00, 0x00, 0x00, 0x00, 0x00, 0x00, 0x00, 0x00, 0x00, 0x00, 0x00, 0x00, 0x00, 0x00, 0x00, 0x00, 0x00,
    0x00, 0x00, 0x00, 0x00, 0x00, 0x00, 0x00, 0x00, 0x00, 0x00, 0x00, 0x00, 0x00, 0x00, 0x00, 0x00, 0x00, 0x00, 0x00,
    0x00, 0x00, 0x00, 0x00, 0x00, 0x00, 0x00, 0x00, 0x00, 0x00, 0x00, 0x00, 0x00, 0x00, 0x00, 0x00, 0x00, 0x00, 0x00,
    0x00, 0x00, 0x00, 0x00, 0x00, 0x00, 0x00, 0x00, 0x00, 0x00, 0x01, 0xf8, 0x00, 0x00, 0x00, 0x00, 0x00, 0x00, 0x0f,
    0xfe, 0x00, 0x00, 0x00, 0x00, 0x00, 0x00, 0x1f, 0xff, 0x80, 0x00, 0x00, 0x00, 0x00, 0x00, 0x3f, 0xff, 0xc0, 0x00,
    0x00, 0x00, 0x00, 0x00, 0x7f, 0xff, 0xe0, 0x00, 0x00, 0x00, 0x00, 0x00, 0xff, 0xff, 0xe0, 0x00, 0x00, 0x00, 0x00,
    0x1f, 0xff, 0xff, 0xff, 0x80, 0x00, 0x00, 0x00, 0x3f, 0xff, 0xff, 0xff, 0xc0, 0x00, 0x00, 0x00, 0x7f, 0xff, 0xff,
    0xff, 0xe0, 0x00, 0x00, 0x00, 0x7f, 0xff, 0xff, 0xff, 0xe0, 0x00, 0x00, 0x00, 0xff, 0xff, 0xff, 0xff, 0xf0, 0x00,
    0x00, 0x00, 0xff, 0xff, 0xff, 0xff, 0xf0, 0x00, 0x00, 0x00, 0xff, 0xff, 0xff, 0xff, 0xf0, 0x00, 0x00, 0x00, 0xff,
    0xff, 0xff, 0xff, 0xf0, 0x00, 0x00, 0x00, 0xff, 0xff, 0xff, 0xff, 0xf0, 0x00, 0x00, 0x00, 0x7f, 0xff, 0xff, 0xff,
    0xe0, 0x00, 0x00, 0x00, 0x7f, 0xff, 0xff, 0xff, 0xe0, 0x00, 0x00, 0x00, 0x3f, 0xff, 0xff, 0xff, 0xc0, 0x00, 0x00,
    0x00, 0x0f, 0xff, 0xff, 0xff, 0x00, 0x00, 0x00, 0x00, 0x00, 0x3f, 0xff, 0x80, 0x00, 0x00, 0x00, 0x00, 0x00, 0x1f,
    0xff, 0x00, 0x00, 0x00, 0x00, 0x00, 0x00, 0x07, 0xfc, 0x00, 0x00, 0x00, 0x00, 0x00, 0x00, 0x00, 0x00, 0x00, 0x00,
    0x00, 0x00, 0x00, 0x00, 0x00, 0x00, 0x00, 0x00, 0x00, 0x00, 0x00, 0x00, 0x00, 0x00, 0x00, 0x00, 0x00, 0x00, 0x00,
    0x00, 0x00, 0x30, 0x00, 0x00, 0x00, 0x00, 0x00, 0x06, 0x08, 0x30, 0x60, 0xc0, 0x00, 0x00, 0x00, 0x0c, 0x18, 0x70,
    0x61, 0x80, 0x00, 0x00, 0x00, 0x0c, 0x18, 0x60, 0xc1, 0x80, 0x00, 0x00, 0x00, 0x18, 0x30, 0xc0, 0xc3, 0x00, 0x00,
    0x00, 0x00, 0x18, 0x30, 0xc1, 0x83, 0x00, 0x00, 0x00, 0x00, 0x30, 0x61, 0x81, 0x86, 0x00, 0x00, 0x00, 0x00, 0x00,
    0x01, 0x81, 0x00, 0x00, 0x00, 0x00, 0x00, 0x00, 0x03, 0x00, 0x00, 0x00, 0x00, 0x00, 0x00, 0x00, 0x03, 0x00, 0x00,
    0x00, 0x00, 0x00, 0x00, 0x00, 0x02, 0x00, 0x00, 0x00, 0x00, 0x00, 0x00
};

static const lv_image_dsc_t qweather_311_large = {
  .header = {
    .magic = LV_IMAGE_HEADER_MAGIC,
    .cf = LV_COLOR_FORMAT_I1,
    .flags = 0,
    .w = 48,
    .h = 48,
    .stride = 8,
    .reserved_2 = 0,
  },
  .data_size = 392,
  .data = qweather_311_large_map,
  .reserved = NULL,
};

static const uint8_t qweather_312_small_map[] = {
    0xff, 0xff, 0xff, 0xff, 0x00, 0x00, 0x00, 0xff, 0x00, 0x00, 0x00, 0x00, 0x00, 0x00, 0x00, 0x00, 0x00, 0x00,
    0x00, 0x00, 0x00, 0x00, 0x00, 0x00, 0x00, 0x00, 0x00, 0x00, 0x07, 0x80, 0x00, 0x00, 0x0f, 0xe0, 0x00, 0x00,
    0x3f, 0xf8, 0x00, 0x00, 0x7f, 0xfc, 0x00, 0x00, 0xff, 0xfe, 0x00, 0x00, 0xff, 0xfe, 0x00, 0x00, 0xff, 0xfe,
    0x00, 0x00, 0x7f, 0xfc, 0x00, 0x00, 0x07, 0xc0, 0x00, 0x00, 0x00, 0x00, 0x00, 0x00, 0x00, 0x00, 0x00, 0x00,
    0x40, 0x02, 0x00, 0x00, 0x12, 0x92, 0x00, 0x00, 0x94, 0x84, 0x00, 0x00, 0x00, 0x00, 0x00, 0x00
};

static const lv_image_dsc_t qweather_312_small = {
  .header = {
    .magic = LV_IMAGE_HEADER_MAGIC,
    .cf = LV_COLOR_FORMAT_I1,
    .flags = 0,
    .w = 20,
    .h = 20,
    .stride = 4,
    .reserved_2 = 0,
  },
  .data_size = 88,
  .data = qweather_312_small_map,
  .reserved = NULL,
};

static const uint8_t qweather_312_large_map[] = {
    0xff, 0xff, 0xff, 0xff, 0x00, 0x00, 0x00, 0xff, 0x00, 0x00, 0x00, 0x00, 0x00, 0x00, 0x00, 0x00, 0x00, 0x00, 0x00,
    0x00, 0x00, 0x00, 0x00, 0x00, 0x00, 0x00, 0x00, 0x00, 0x00, 0x00, 0x00, 0x00, 0x00, 0x00, 0x00, 0x00, 0x00, 0x00,
    0x00, 0x00, 0x00, 0x00, 0x00, 0x00, 0x00, 0x00, 0x00, 0x00, 0x00, 0x00, 0x00, 0x00, 0x00, 0x00, 0x00, 0x00, 0x00,
    0x00, 0x00, 0x00, 0x00, 0x00, 0x00, 0x00, 0x00, 0x00, 0x00, 0x00, 0x00, 0x00, 0x00, 0x00, 0x00, 0x00, 0x00, 0x00,
    0x00, 0x00, 0x00, 0x00, 0x00, 0x00, 0x00, 0x00, 0x00, 0x00, 0x00, 0x00, 0x00, 0x00, 0x00, 0x00, 0x00, 0x00, 0x00,
    0x00, 0x00, 0x00, 0x00, 0x00, 0x00, 0x00, 0x00, 0x00, 0x00, 0x01, 0xf8, 0x00, 0x00, 0x00, 0x00, 0x00, 0x00, 0x0f,
    0xfe, 0x00, 0x00, 0x00, 0x00, 0x00, 0x00, 0x1f, 0xff, 0x80, 0x00, 0x00, 0x00, 0x00, 0x00, 0x3f, 0xff, 0xc0, 0x00,
    0x00, 0x00, 0x00, 0x00, 0x7f, 0xff, 0xe0, 0x00, 0x00, 0x00, 0x00, 0x00, 0xff, 0xff, 0xe0, 0x00, 0x00, 0x00, 0x00,
    0x1f, 0xff, 0xff, 0xff, 0x80, 0x00, 0x00, 0x00, 0x3f, 0xff, 0xff, 0xff, 0xc0, 0x00, 0x00, 0x00, 0x7f, 0xff, 0xff,
    0xff, 0xe0, 0x00, 0x00, 0x00, 0x7f, 0xff, 0xff, 0xff, 0xe0, 0x00, 0x00, 0x00, 0xff, 0xff, 0xff, 0xff, 0xf0, 0x00,
    0x00, 0x00, 0xff, 0xff, 0xff, 0xff, 0xf0, 0x00, 0x00, 0x00, 0xff, 0xff, 0xff, 0xff, 0xf0, 0x00, 0x00, 0x00, 0xff,
    0xff, 0xff, 0xff, 0xf0, 0x00, 0x00, 0x00, 0xff, 0xff, 0xff, 0xff, 0xf0, 0x00, 0x00, 0x00, 0x7f, 0xff, 0xff, 0xff,
    0xe0, 0x00, 0x00, 0x00, 0x7f, 0xff, 0xff, 0xff, 0xe0, 0x00, 0x00, 0x00, 0x3f, 0xff, 0xff, 0xff, 0xc0, 0x00, 0x00,
    0x00, 0x0f, 0xff, 0xff, 0xff, 0x00, 0x00, 0x00, 0x00, 0x00, 0x3f, 0xff, 0x80, 0x00, 0x00, 0x00, 0x00, 0x00, 0x1f,
    0xff, 0x00, 0x00, 0x00, 0x00, 0x00, 0x00, 0x07, 0xfc, 0x00, 0x00, 0x00, 0x00, 0x00, 0x00, 0x00, 0x00, 0x00, 0x00,
    0x00, 0x00, 0x00, 0x00, 0x00, 0x00, 0x00, 0x00, 0x00, 0x00, 0x00, 0x00, 0x00, 0x00, 0x00, 0x00, 0x00, 0x00, 0x00,
    0x00, 0x00, 0x00, 0x00, 0x00, 0x00, 0x00, 0x00, 0x00, 0x00, 0x00, 0x00, 0x00, 0x00, 0x00, 0x00, 0x10, 0x61, 0x82,
    0x08, 0x30, 0x00, 0x00, 0x00, 0x30, 0x61, 0x86, 0x18, 0x30, 0x00, 0x00, 0x00, 0x30, 0xc3, 0x06, 0x18, 0x60, 0x00,
    0x00, 0x00, 0x61, 0xc3, 0x0c, 0x30, 0x60, 0x00, 0x00, 0x00, 0x61, 0x86, 0x1c, 0x30, 0xc0, 0x00, 0x00, 0x00, 0xc3,
    0x06, 0x18, 0x60, 0xc0, 0x00, 0x00, 0x00, 0x81, 0x04, 0x10, 0x20, 0x80, 0x00, 0x00, 0x00, 0x00, 0x00, 0x00, 0x00,
    0x00, 0x00, 0x00, 0x00, 0x00, 0x00, 0x00, 0x00, 0x00, 0x00, 0x00, 0x00
};

static const lv_image_dsc_t qweather_312_large = {
  .header = {
    .magic = LV_IMAGE_HEADER_MAGIC,
    .cf = LV_COLOR_FORMAT_I1,
    .flags = 0,
    .w = 48,
    .h = 48,
    .stride = 8,
    .reserved_2 = 0,
  },
  .data_size = 392,
  .data = qweather_312_large_map,
  .reserved = NULL,
};

static const uint8_t qweather_313_small_map[] = {
    0xff, 0xff, 0xff, 0xff, 0x00, 0x00, 0x00, 0xff, 0x00, 0x00, 0x00, 0x00, 0x00, 0x00, 0x00, 0x00, 0x00, 0x00,
    0x00, 0x00, 0x00, 0x00, 0x00, 0x00, 0x00, 0x00, 0x00, 0x00, 0x07, 0x80, 0x00, 0x00, 0x0f, 0xe0, 0x00, 0x00,
    0x3f, 0xf8, 0x00, 0x00, 0x7f, 0xfc, 0x00, 0x00, 0xff, 0xfe, 0x00, 0x00, 0xff, 0xfe, 0x00, 0x00, 0xff, 0xfe,
    0x00, 0x00, 0x7f, 0xfc, 0x00, 0x00, 0x07, 0xc0, 0x00, 0x00, 0xc0, 0x06, 0x00, 0x00, 0x80, 0x02, 0x00, 0x00,
    0x18, 0x30, 0x00, 0x00, 0x08, 0x20, 0x00, 0x00, 0x01, 0x00, 0x00, 0x00, 0x01, 0x00, 0x00, 0x00
};

static const lv_image_dsc_t qweather_313_small = {
  .header = {
    .magic = LV_IMAGE_HEADER_MAGIC,
    .cf = LV_COLOR_FORMAT_I1,
    .flags = 0,
    .w = 20,
    .h = 20,
    .stride = 4,
    .reserved_2 = 0,
  },
  .data_size = 88,
  .data = qweather_313_small_map,
  .reserved = NULL,
};

static const uint8_t qweather_313_large_map[] = {
    0xff, 0xff, 0xff, 0xff, 0x00, 0x00, 0x00, 0xff, 0x00, 0x00, 0x00, 0x00, 0x00, 0x00, 0x00, 0x00, 0x00, 0x00, 0x00,
    0x00, 0x00, 0x00, 0x00, 0x00, 0x00, 0x00, 0x00, 0x00, 0x00, 0x00, 0x00, 0x00, 0x00, 0x00, 0x00, 0x00, 0x00, 0x00,
    0x00, 0x00, 0x00, 0x00, 0x00, 0x00, 0x00, 0x00, 0x00, 0x00, 0x00, 0x00, 0x00, 0x00, 0x00, 0x00, 0x00, 0x00, 0x00,
    0x00, 0x00, 0x00, 0x00, 0x00, 0x00, 0x00, 0x00, 0x00, 0x00, 0x00, 0x00, 0x00, 0x00, 0x00, 0x00, 0x00, 0x00, 0x00,
    0x00, 0x00, 0x00, 0x00, 0x00, 0x00, 0x00, 0x00, 0x00, 0x00, 0x00, 0x00, 0x00, 0x00, 0x00, 0x00, 0x00, 0x00, 0x00,
    0x00, 0x00, 0x00, 0x00, 0x00, 0x00, 0x00, 0x00, 0x00, 0x00, 0x01, 0xf8, 0x00, 0x00, 0x00, 0x00, 0x00, 0x00, 0x0f,
    0xfe, 0x00, 0x00, 0x00, 0x00, 0x00, 0x00, 0x1f, 0xff, 0x80, 0x00, 0x00, 0x00, 0x00, 0x00, 0x3f, 0xff, 0xc0, 0x00,
    0x00, 0x00, 0x00, 0x00, 0x7f, 0xff, 0xe0, 0x00, 0x00, 0x00, 0x00, 0x00, 0xff, 0xff, 0xe0, 0x00, 0x00, 0x00, 0x00,
    0x1f, 0xff, 0xff, 0xff, 0x80, 0x00, 0x00, 0x00, 0x3f, 0xff, 0xff, 0xff, 0xc0, 0x00, 0x00, 0x00, 0x7f, 0xff, 0xff,
    0xff, 0xe0, 0x00, 0x00, 0x00, 0x7f, 0xff, 0xff, 0xff, 0xe0, 0x00, 0x00, 0x00, 0xff, 0xff, 0xff, 0xff, 0xf0, 0x00,
    0x00, 0x00, 0xff, 0xff, 0xff, 0xff, 0xf0, 0x00, 0x00, 0x00, 0xff, 0xff, 0xff, 0xff, 0xf0, 0x00, 0x00, 0x00, 0xff,
    0xff, 0xff, 0xff, 0xf0, 0x00, 0x00, 0x00, 0xff, 0xff, 0xff, 0xff, 0xf0, 0x00, 0x00, 0x00, 0x7f, 0xff, 0xff, 0xff,
    0xe0, 0x00, 0x00, 0x00, 0x7f, 0xff, 0xff, 0xff, 0xe0, 0x00, 0x00, 0x00, 0x3f, 0xff, 0xff, 0xff, 0xc0, 0x00, 0x00,
    0x00, 0x0f, 0xff, 0xff, 0xff, 0x00, 0x00, 0x00, 0x00, 0x00, 0x3f, 0xff, 0x80, 0x00, 0x00, 0x00, 0x00, 0x00, 0x1f,
    0xff, 0x00, 0x00, 0x00, 0x00, 0x00, 0x60, 0x07, 0xfc, 0x00, 0x60, 0x00, 0x00, 0x00, 0x70, 0x00, 0x00, 0x00, 0xe0,
    0x00, 0x00, 0x00, 0xf0, 0x00, 0x00, 0x00, 0xf0, 0x00, 0x00, 0x00, 0x70, 0x00, 0x00, 0x00, 0xe0, 0x00, 0x00, 0x00,
    0x60, 0x20, 0x00, 0x40, 0x60, 0x00, 0x00, 0x00, 0x20, 0x60, 0x00, 0x60, 0x40, 0x00, 0x00, 0x00, 0x00, 0xf0, 0x00,
    0xf0, 0x00, 0x00, 0x00, 0x00, 0x00, 0xf0, 0x00, 0xf0, 0x00, 0x00, 0x00, 0x00, 0x00, 0x60, 0x00, 0x60, 0x00, 0x00,
    0x00, 0x00, 0x00, 0x60, 0x60, 0x60, 0x00, 0x00, 0x00, 0x00, 0x00, 0x00, 0xf0, 0x00, 0x00, 0x00, 0x00, 0x00, 0x00,
    0x00, 0xf0, 0x00, 0x00, 0x00, 0x00, 0x00, 0x00, 0x00, 0xf0, 0x00, 0x00, 0x00, 0x00, 0x00, 0x00, 0x00, 0x60, 0x00,
    0x00, 0x00, 0x00, 0x00, 0x00, 0x00, 0x00, 0x00, 0x00, 0x00, 0x00, 0x00
};

static const lv_image_dsc_t qweather_313_large = {
  .header = {
    .magic = LV_IMAGE_HEADER_MAGIC,
    .cf = LV_COLOR_FORMAT_I1,
    .flags = 0,
    .w = 48,
    .h = 48,
    .stride = 8,
    .reserved_2 = 0,
  },
  .data_size = 392,
  .data = qweather_313_large_map,
  .reserved = NULL,
};

static const uint8_t qweather_314_small_map[] = {
    0xff, 0xff, 0xff, 0xff, 0x00, 0x00, 0x00, 0xff, 0x00, 0x00, 0x00, 0x00, 0x00, 0x00, 0x00, 0x00, 0x00, 0x00,
    0x00, 0x00, 0x00, 0x00, 0x00, 0x00, 0x00, 0x00, 0x00, 0x00, 0x01, 0x00, 0x00, 0x00, 0x0f, 0xe0, 0x00, 0x00,
    0x1f, 0xf0, 0x00, 0x00, 0x7f, 0xfc, 0x00, 0x00, 0x7f, 0xfc, 0x00, 0x00, 0xff, 0xfe, 0x00, 0x00, 0x8d, 0x62,
    0x00, 0x00, 0x01, 0x00, 0x00, 0x00, 0x01, 0x00, 0x00, 0x00, 0x01, 0x4c, 0x00, 0x00, 0x69, 0x4c, 0x00, 0x00,
    0x6d, 0x00, 0x00, 0x00, 0x01, 0x10, 0x00, 0x00, 0x01, 0x30, 0x00, 0x00, 0x01, 0x00, 0x00, 0x00
};

static const lv_image_dsc_t qweather_314_small = {
  .header = {
    .magic = LV_IMAGE_HEADER_MAGIC,
    .cf = LV_COLOR_FORMAT_I1,
    .flags = 0,
    .w = 20,
    .h = 20,
    .stride = 4,
    .reserved_2 = 0,
  },
  .data_size = 88,
  .data = qweather_314_small_map,
  .reserved = NULL,
};

static const uint8_t qweather_314_large_map[] = {
    0xff, 0xff, 0xff, 0xff, 0x00, 0x00, 0x00, 0xff, 0x00, 0x00, 0x00, 0x00, 0x00, 0x00, 0x00, 0x00, 0x00, 0x00, 0x00,
    0x00, 0x00, 0x00, 0x00, 0x00, 0x00, 0x00, 0x00, 0x00, 0x00, 0x00, 0x00, 0x00, 0x00, 0x00, 0x00, 0x00, 0x00, 0x00,
    0x00, 0x00, 0x00, 0x00, 0x00, 0x00, 0x00, 0x00, 0x00, 0x00, 0x00, 0x00, 0x00, 0x00, 0x00, 0x00, 0x00, 0x00, 0x00,
    0x00, 0x00, 0x00, 0x00, 0x00, 0x00, 0x00, 0x00, 0x00, 0x00, 0x00, 0x00, 0x00, 0x00, 0x00, 0x00, 0x00, 0x00, 0x00,
    0x00, 0x00, 0x00, 0x00, 0x00, 0x00, 0x00, 0x00, 0x00, 0x00, 0x00, 0x00, 0x00, 0x00, 0x00, 0x00, 0x00, 0x00, 0x00,
    0x00, 0x00, 0x00, 0x00, 0x00, 0x00, 0x00, 0x00, 0x00, 0x00, 0x00, 0x60, 0x00, 0x00, 0x00, 0x00, 0x00, 0x00, 0x00,
    0xf0, 0x00, 0x00, 0x00, 0x00, 0x00, 0x00, 0x01, 0xf8, 0x00, 0x00, 0x00, 0x00, 0x00, 0x00, 0x1f, 0xff, 0x80, 0x00,
    0x00, 0x00, 0x00, 0x00, 0x7f, 0xff, 0xe0, 0x00, 0x00, 0x00, 0x00, 0x01, 0xff, 0xff, 0xf8, 0x00, 0x00, 0x00, 0x00,
    0x07, 0xff, 0xff, 0xfe, 0x00, 0x00, 0x00, 0x00, 0x0f, 0xff, 0xff, 0xff, 0x00, 0x00, 0x00, 0x00, 0x1f, 0xff, 0xff,
    0xff, 0x80, 0x00, 0x00, 0x00, 0x1f, 0xff, 0xff, 0xff, 0x80, 0x00, 0x00, 0x00, 0x3f, 0xff, 0xff, 0xff, 0xc0, 0x00,
    0x00, 0x00, 0x7f, 0xff, 0xff, 0xff, 0xe0, 0x00, 0x00, 0x00, 0x7f, 0xff, 0xff, 0xff, 0xe0, 0x00, 0x00, 0x00, 0x7f,
    0xff, 0xff, 0xff, 0xe0, 0x00, 0x00, 0x00, 0xff, 0xff, 0xff, 0xff, 0xf0, 0x00, 0x00, 0x00, 0xe0, 0x7e, 0x67, 0xe0,
    0x70, 0x00, 0x00, 0x00, 0x00, 0x18, 0x61, 0x80, 0x00, 0x00, 0x00, 0x00, 0x00, 0x00, 0x60, 0x00, 0x00, 0x00, 0x00,
    0x00, 0x00, 0x00, 0x60, 0x00, 0x00, 0x00, 0x00, 0x00, 0x00, 0x00, 0x60, 0x00, 0x00, 0x00, 0x00, 0x00, 0x00, 0x00,
    0x60, 0x00, 0x00, 0x00, 0x00, 0x00, 0x00, 0x00, 0x62, 0x01, 0x00, 0x00, 0x00, 0x00, 0x00, 0x00, 0x67, 0x03, 0x80,
    0x00, 0x00, 0x00, 0x08, 0x10, 0x67, 0x03, 0x80, 0x00, 0x00, 0x00, 0x1c, 0x38, 0x6f, 0x87, 0xc0, 0x00, 0x00, 0x00,
    0x1c, 0x78, 0x6f, 0x87, 0xc0, 0x00, 0x00, 0x00, 0x3e, 0x78, 0x67, 0x03, 0x80, 0x00, 0x00, 0x00, 0x3e, 0x78, 0x60,
    0x00, 0x00, 0x00, 0x00, 0x00, 0x1c, 0x38, 0x60, 0x30, 0x00, 0x00, 0x00, 0x00, 0x00, 0x00, 0x60, 0x78, 0x00, 0x00,
    0x00, 0x00, 0x00, 0x00, 0x60, 0x78, 0x00, 0x00, 0x00, 0x00, 0x00, 0x00, 0x60, 0x78, 0x00, 0x00, 0x00, 0x00, 0x00,
    0x00, 0x60, 0x78, 0x00, 0x00, 0x00, 0x00, 0x00, 0x00, 0x60, 0x30, 0x00, 0x00, 0x00, 0x00, 0x00, 0x00, 0x60, 0x00,
    0x00, 0x00, 0x00, 0x00, 0x00, 0x00, 0x60, 0x00, 0x00, 0x00, 0x00, 0x00
};

static const lv_image_dsc_t qweather_314_large = {
  .header = {
    .magic = LV_IMAGE_HEADER_MAGIC,
    .cf = LV_COLOR_FORMAT_I1,
    .flags = 0,
    .w = 48,
    .h = 48,
    .stride = 8,
    .reserved_2 = 0,
  },
  .data_size = 392,
  .data = qweather_314_large_map,
  .reserved = NULL,
};

static const uint8_t qweather_315_small_map[] = {
    0xff, 0xff, 0xff, 0xff, 0x00, 0x00, 0x00, 0xff, 0x00, 0x00, 0x00, 0x00, 0x00, 0x00, 0x00, 0x00, 0x00, 0x00,
    0x00, 0x00, 0x00, 0x00, 0x00, 0x00, 0x00, 0x00, 0x00, 0x00, 0x01, 0x00, 0x00, 0x00, 0x0f, 0xe0, 0x00, 0x00,
    0x1f, 0xf0, 0x00, 0x00, 0x7f, 0xfc, 0x00, 0x00, 0x7f, 0xfc, 0x00, 0x00, 0xff, 0xfe, 0x00, 0x00, 0x8d, 0x62,
    0x00, 0x00, 0x01, 0x00, 0x00, 0x00, 0x01, 0x20, 0x00, 0x00, 0x65, 0x2c, 0x00, 0x00, 0x65, 0x24, 0x00, 0x00,
    0x01, 0x00, 0x00, 0x00, 0x11, 0x24, 0x00, 0x00, 0x11, 0x6c, 0x00, 0x00, 0x01, 0x00, 0x00, 0x00
};

static const lv_image_dsc_t qweather_315_small = {
  .header = {
    .magic = LV_IMAGE_HEADER_MAGIC,
    .cf = LV_COLOR_FORMAT_I1,
    .flags = 0,
    .w = 20,
    .h = 20,
    .stride = 4,
    .reserved_2 = 0,
  },
  .data_size = 88,
  .data = qweather_315_small_map,
  .reserved = NULL,
};

static const uint8_t qweather_315_large_map[] = {
    0xff, 0xff, 0xff, 0xff, 0x00, 0x00, 0x00, 0xff, 0x00, 0x00, 0x00, 0x00, 0x00, 0x00, 0x00, 0x00, 0x00, 0x00, 0x00,
    0x00, 0x00, 0x00, 0x00, 0x00, 0x00, 0x00, 0x00, 0x00, 0x00, 0x00, 0x00, 0x00, 0x00, 0x00, 0x00, 0x00, 0x00, 0x00,
    0x00, 0x00, 0x00, 0x00, 0x00, 0x00, 0x00, 0x00, 0x00, 0x00, 0x00, 0x00, 0x00, 0x00, 0x00, 0x00, 0x00, 0x00, 0x00,
    0x00, 0x00, 0x00, 0x00, 0x00, 0x00, 0x00, 0x00, 0x00, 0x00, 0x00, 0x00, 0x00, 0x00, 0x00, 0x00, 0x00, 0x00, 0x00,
    0x00, 0x00, 0x00, 0x00, 0x00, 0x00, 0x00, 0x00, 0x00, 0x00, 0x00, 0x00, 0x00, 0x00, 0x00, 0x00, 0x00, 0x00, 0x00,
    0x00, 0x00, 0x00, 0x00, 0x00, 0x00, 0x00, 0x00, 0x00, 0x00, 0x00, 0x60, 0x00, 0x00, 0x00, 0x00, 0x00, 0x00, 0x00,
    0xf0, 0x00, 0x00, 0x00, 0x00, 0x00, 0x00, 0x01, 0xf8, 0x00, 0x00, 0x00, 0x00, 0x00, 0x00, 0x1f, 0xff, 0x80, 0x00,
    0x00, 0x00, 0x00, 0x00, 0x7f, 0xff, 0xe0, 0x00, 0x00, 0x00, 0x00, 0x01, 0xff, 0xff, 0xf8, 0x00, 0x00, 0x00, 0x00,
    0x07, 0xff, 0xff, 0xfe, 0x00, 0x00, 0x00, 0x00, 0x0f, 0xff, 0xff, 0xff, 0x00, 0x00, 0x00, 0x00, 0x1f, 0xff, 0xff,
    0xff, 0x80, 0x00, 0x00, 0x00, 0x1f, 0xff, 0xff, 0xff, 0x80, 0x00, 0x00, 0x00, 0x3f, 0xff, 0xff, 0xff, 0xc0, 0x00,
    0x00, 0x00, 0x7f, 0xff, 0xff, 0xff, 0xe0, 0x00, 0x00, 0x00, 0x7f, 0xff, 0xff, 0xff, 0xe0, 0x00, 0x00, 0x00, 0x7f,
    0xff, 0xff, 0xff, 0xe0, 0x00, 0x00, 0x00, 0xff, 0xff, 0xff, 0xff, 0xf0, 0x00, 0x00, 0x00, 0xe0, 0x7e, 0x67, 0xe0,
    0x70, 0x00, 0x00, 0x00, 0x00, 0x18, 0x61, 0x80, 0x00, 0x00, 0x00, 0x00, 0x00, 0x00, 0x60, 0x00, 0x00, 0x00, 0x00,
    0x00, 0x00, 0x00, 0x60, 0x00, 0x00, 0x00, 0x00, 0x00, 0x00, 0x00, 0x60, 0x00, 0x00, 0x00, 0x00, 0x00, 0x00, 0x00,
    0x60, 0xc1, 0x00, 0x00, 0x00, 0x00, 0x08, 0x04, 0x61, 0xc3, 0x80, 0x00, 0x00, 0x00, 0x1c, 0x0e, 0x61, 0xe3, 0x80,
    0x00, 0x00, 0x00, 0x1c, 0x0e, 0x61, 0xe7, 0xc0, 0x00, 0x00, 0x00, 0x3e, 0x1f, 0x61, 0xe7, 0xc0, 0x00, 0x00, 0x00,
    0x3e, 0x1f, 0x60, 0xc3, 0x80, 0x00, 0x00, 0x00, 0x1c, 0x0e, 0x60, 0x00, 0x00, 0x00, 0x00, 0x00, 0x00, 0x00, 0x60,
    0x00, 0x00, 0x00, 0x00, 0x00, 0x00, 0xc0, 0x60, 0x00, 0x00, 0x00, 0x00, 0x00, 0x01, 0xe0, 0x60, 0xc1, 0x00, 0x00,
    0x00, 0x00, 0x01, 0xe0, 0x61, 0xc3, 0x80, 0x00, 0x00, 0x00, 0x01, 0xe0, 0x61, 0xe3, 0x80, 0x00, 0x00, 0x00, 0x01,
    0xe0, 0x61, 0xe7, 0xc0, 0x00, 0x00, 0x00, 0x00, 0xc0, 0x61, 0xe7, 0xc0, 0x00, 0x00, 0x00, 0x00, 0x00, 0x60, 0xc3,
    0x80, 0x00, 0x00, 0x00, 0x00, 0x00, 0x60, 0x00, 0x00, 0x00, 0x00, 0x00
};

static const lv_image_dsc_t qweather_315_large = {
  .header = {
    .magic = LV_IMAGE_HEADER_MAGIC,
    .cf = LV_COLOR_FORMAT_I1,
    .flags = 0,
    .w = 48,
    .h = 48,
    .stride = 8,
    .reserved_2 = 0,
  },
  .data_size = 392,
  .data = qweather_315_large_map,
  .reserved = NULL,
};

static const uint8_t qweather_316_small_map[] = {
    0xff, 0xff, 0xff, 0xff, 0x00, 0x00, 0x00, 0xff, 0x00, 0x00, 0x00, 0x00, 0x00, 0x00, 0x00, 0x00, 0x00, 0x00,
    0x00, 0x00, 0x00, 0x00, 0x00, 0x00, 0x00, 0x00, 0x00, 0x00, 0x01, 0x00, 0x00, 0x00, 0x0f, 0xe0, 0x00, 0x00,
    0x1f, 0xf0, 0x00, 0x00, 0x7f, 0xfc, 0x00, 0x00, 0x7f, 0xfc, 0x00, 0x00, 0xff, 0xfe, 0x00, 0x00, 0x8d, 0x62,
    0x00, 0x00, 0x01, 0x00, 0x00, 0x00, 0x49, 0x56, 0x00, 0x00, 0x6d, 0x5e, 0x00, 0x00, 0x01, 0x00, 0x00, 0x00,
    0x01, 0x00, 0x00, 0x00, 0x69, 0x2c, 0x00, 0x00, 0x69, 0x2c, 0x00, 0x00, 0x01, 0x00, 0x00, 0x00
};

static const lv_image_dsc_t qweather_316_small = {
  .header = {
    .magic = LV_IMAGE_HEADER_MAGIC,
    .cf = LV_COLOR_FORMAT_I1,
    .flags = 0,
    .w = 20,
    .h = 20,
    .stride = 4,
    .reserved_2 = 0,
  },
  .data_size = 88,
  .data = qweather_316_small_map,
  .reserved = NULL,
};

static const uint8_t qweather_316_large_map[] = {
    0xff, 0xff, 0xff, 0xff, 0x00, 0x00, 0x00, 0xff, 0x00, 0x00, 0x00, 0x00, 0x00, 0x00, 0x00, 0x00, 0x00, 0x00, 0x00,
    0x00, 0x00, 0x00, 0x00, 0x00, 0x00, 0x00, 0x00, 0x00, 0x00, 0x00, 0x00, 0x00, 0x00, 0x00, 0x00, 0x00, 0x00, 0x00,
    0x00, 0x00, 0x00, 0x00, 0x00, 0x00, 0x00, 0x00, 0x00, 0x00, 0x00, 0x00, 0x00, 0x00, 0x00, 0x00, 0x00, 0x00, 0x00,
    0x00, 0x00, 0x00, 0x00, 0x00, 0x00, 0x00, 0x00, 0x00, 0x00, 0x00, 0x00, 0x00, 0x00, 0x00, 0x00, 0x00, 0x00, 0x00,
    0x00, 0x00, 0x00, 0x00, 0x00, 0x00, 0x00, 0x00, 0x00, 0x00, 0x00, 0x00, 0x00, 0x00, 0x00, 0x00, 0x00, 0x00, 0x00,
    0x00, 0x00, 0x00, 0x00, 0x00, 0x00, 0x00, 0x00, 0x00, 0x00, 0x00, 0x60, 0x00, 0x00, 0x00, 0x00, 0x00, 0x00, 0x00,
    0xf0, 0x00, 0x00, 0x00, 0x00, 0x00, 0x00, 0x01, 0xf8, 0x00, 0x00, 0x00, 0x00, 0x00, 0x00, 0x1f, 0xff, 0x80, 0x00,
    0x00, 0x00, 0x00, 0x00, 0x7f, 0xff, 0xe0, 0x00, 0x00, 0x00, 0x00, 0x01, 0xff, 0xff, 0xf8, 0x00, 0x00, 0x00, 0x00,
    0x07, 0xff, 0xff, 0xfe, 0x00, 0x00, 0x00, 0x00, 0x0f, 0xff, 0xff, 0xff, 0x00, 0x00, 0x00, 0x00, 0x1f, 0xff, 0xff,
    0xff, 0x80, 0x00, 0x00, 0x00, 0x1f, 0xff, 0xff, 0xff, 0x80, 0x00, 0x00, 0x00, 0x3f, 0xff, 0xff, 0xff, 0xc0, 0x00,
    0x00, 0x00, 0x7f, 0xff, 0xff, 0xff, 0xe0, 0x00, 0x00, 0x00, 0x7f, 0xff, 0xff, 0xff, 0xe0, 0x00, 0x00, 0x00, 0x7f,
    0xff, 0xff, 0xff, 0xe0, 0x00, 0x00, 0x00, 0xff, 0xff, 0xff, 0xff, 0xf0, 0x00, 0x00, 0x00, 0xe0, 0x7e, 0x67, 0xe0,
    0x70, 0x00, 0x00, 0x00, 0x00, 0x18, 0x61, 0x80, 0x00, 0x00, 0x00, 0x00, 0x00, 0x00, 0x60, 0x00, 0x00, 0x00, 0x00,
    0x00, 0x08, 0x10, 0x62, 0x00, 0x40, 0x00, 0x00, 0x00, 0x08, 0x30, 0x62, 0x18, 0x60, 0x00, 0x00, 0x00, 0x1c, 0x38,
    0x67, 0x1c, 0xe0, 0x00, 0x00, 0x00, 0x3e, 0x78, 0x6f, 0xbc, 0xf0, 0x00, 0x00, 0x00, 0x3e, 0x78, 0x6f, 0xbc, 0xf0,
    0x00, 0x00, 0x00, 0x1c, 0x78, 0x67, 0x3c, 0xf0, 0x00, 0x00, 0x00, 0x08, 0x30, 0x62, 0x18, 0x60, 0x00, 0x00, 0x00,
    0x00, 0x00, 0x60, 0x00, 0x00, 0x00, 0x00, 0x00, 0x00, 0x00, 0x60, 0x00, 0x00, 0x00, 0x00, 0x00, 0x08, 0x10, 0x60,
    0x81, 0x00, 0x00, 0x00, 0x00, 0x08, 0x30, 0x60, 0xc1, 0x00, 0x00, 0x00, 0x00, 0x1c, 0x38, 0x61, 0xc3, 0x80, 0x00,
    0x00, 0x00, 0x3e, 0x78, 0x61, 0xe7, 0xc0, 0x00, 0x00, 0x00, 0x3e, 0x78, 0x61, 0xe7, 0xc0, 0x00, 0x00, 0x00, 0x1c,
    0x78, 0x61, 0xe3, 0x80, 0x00, 0x00, 0x00, 0x08, 0x30, 0x60, 0xc1, 0x00, 0x00, 0x00, 0x00, 0x00, 0x00, 0x60, 0x00,
    0x00, 0x00, 0x00, 0x00, 0x00, 0x00, 0x60, 0x00, 0x00, 0x00, 0x00, 0x00
};

static const lv_image_dsc_t qweather_316_large = {
  .header = {
    .magic = LV_IMAGE_HEADER_MAGIC,
    .cf = LV_COLOR_FORMAT_I1,
    .flags = 0,
    .w = 48,
    .h = 48,
    .stride = 8,
    .reserved_2 = 0,
  },
  .data_size = 392,
  .data = qweather_316_large_map,
  .reserved = NULL,
};

static const uint8_t qweather_317_small_map[] = {
    0xff, 0xff, 0xff, 0xff, 0x00, 0x00, 0x00, 0xff, 0x00, 0x00, 0x00, 0x00, 0x00, 0x00, 0x00, 0x00, 0x00, 0x00,
    0x00, 0x00, 0x00, 0x00, 0x00, 0x00, 0x00, 0x00, 0x00, 0x00, 0x01, 0x00, 0x00, 0x00, 0x0f, 0xe0, 0x00, 0x00,
    0x1f, 0xf0, 0x00, 0x00, 0x7f, 0xfc, 0x00, 0x00, 0x7f, 0xfc, 0x00, 0x00, 0xff, 0xfe, 0x00, 0x00, 0x8d, 0x62,
    0x00, 0x00, 0x01, 0x00, 0x00, 0x00, 0x25, 0x54, 0x00, 0x00, 0x25, 0x54, 0x00, 0x00, 0x01, 0x00, 0x00, 0x00,
    0x21, 0x08, 0x00, 0x00, 0x25, 0x28, 0x00, 0x00, 0x25, 0x28, 0x00, 0x00, 0x01, 0x00, 0x00, 0x00
};

static const lv_image_dsc_t qweather_317_small = {
  .header = {
    .magic = LV_IMAGE_HEADER_MAGIC,
    .cf = LV_COLOR_FORMAT_I1,
    .flags = 0,
    .w = 20,
    .h = 20,
    .stride = 4,
    .reserved_2 = 0,
  },
  .data_size = 88,
  .data = qweather_317_small_map,
  .reserved = NULL,
};

static const uint8_t qweather_317_large_map[] = {
    0xff, 0xff, 0xff, 0xff, 0x00, 0x00, 0x00, 0xff, 0x00, 0x00, 0x00, 0x00, 0x00, 0x00, 0x00, 0x00, 0x00, 0x00, 0x00,
    0x00, 0x00, 0x00, 0x00, 0x00, 0x00, 0x00, 0x00, 0x00, 0x00, 0x00, 0x00, 0x00, 0x00, 0x00, 0x00, 0x00, 0x00, 0x00,
    0x00, 0x00, 0x00, 0x00, 0x00, 0x00, 0x00, 0x00, 0x00, 0x00, 0x00, 0x00, 0x00, 0x00, 0x00, 0x00, 0x00, 0x00, 0x00,
    0x00, 0x00, 0x00, 0x00, 0x00, 0x00, 0x00, 0x00, 0x00, 0x00, 0x00, 0x00, 0x00, 0x00, 0x00, 0x00, 0x00, 0x00, 0x00,
    0x00, 0x00, 0x00, 0x00, 0x00, 0x00, 0x00, 0x00, 0x00, 0x00, 0x00, 0x00, 0x00, 0x00, 0x00, 0x00, 0x00, 0x00, 0x00,
    0x00, 0x00, 0x00, 0x00, 0x00, 0x00, 0x00, 0x00, 0x00, 0x00, 0x00, 0x60, 0x00, 0x00, 0x00, 0x00, 0x00, 0x00, 0x00,
    0xf0, 0x00, 0x00, 0x00, 0x00, 0x00, 0x00, 0x01, 0xf8, 0x00, 0x00, 0x00, 0x00, 0x00, 0x00, 0x1f, 0xff, 0x80, 0x00,
    0x00, 0x00, 0x00, 0x00, 0x7f, 0xff, 0xe0, 0x00, 0x00, 0x00, 0x00, 0x01, 0xff, 0xff, 0xf8, 0x00, 0x00, 0x00, 0x00,
    0x07, 0xff, 0xff, 0xfe, 0x00, 0x00, 0x00, 0x00, 0x0f, 0xff, 0xff, 0xff, 0x00, 0x00, 0x00, 0x00, 0x1f, 0xff, 0xff,
    0xff, 0x80, 0x00, 0x00, 0x00, 0x1f, 0xff, 0xff, 0xff, 0x80, 0x00, 0x00, 0x00, 0x3f, 0xff, 0xff, 0xff, 0xc0, 0x00,
    0x00, 0x00, 0x7f, 0xff, 0xff, 0xff, 0xe0, 0x00, 0x00, 0x00, 0x7f, 0xff, 0xff, 0xff, 0xe0, 0x00, 0x00, 0x00, 0x7f,
    0xff, 0xff, 0xff, 0xe0, 0x00, 0x00, 0x00, 0xff, 0xff, 0xff, 0xff, 0xf0, 0x00, 0x00, 0x00, 0xe0, 0x7e, 0x67, 0xe0,
    0x70, 0x00, 0x00, 0x00, 0x00, 0x18, 0x61, 0x80, 0x00, 0x00, 0x00, 0x00, 0x00, 0x00, 0x60, 0x00, 0x00, 0x00, 0x00,
    0x00, 0x04, 0x08, 0x61, 0x18, 0x80, 0x00, 0x00, 0x00, 0x06, 0x18, 0x61, 0x98, 0xc0, 0x00, 0x00, 0x00, 0x0e, 0x1c,
    0x63, 0x99, 0xc0, 0x00, 0x00, 0x00, 0x0e, 0x1c, 0x63, 0x99, 0xc0, 0x00, 0x00, 0x00, 0x0e, 0x1c, 0x63, 0x99, 0xc0,
    0x00, 0x00, 0x00, 0x06, 0x18, 0x61, 0x98, 0xc0, 0x00, 0x00, 0x00, 0x04, 0x08, 0x61, 0x08, 0x80, 0x00, 0x00, 0x00,
    0x00, 0x00, 0x60, 0x00, 0x00, 0x00, 0x00, 0x00, 0x00, 0x00, 0x60, 0x00, 0x00, 0x00, 0x00, 0x00, 0x04, 0x08, 0x60,
    0x62, 0x00, 0x00, 0x00, 0x00, 0x06, 0x18, 0x60, 0x66, 0x00, 0x00, 0x00, 0x00, 0x0e, 0x1c, 0x60, 0x67, 0x00, 0x00,
    0x00, 0x00, 0x0e, 0x1c, 0x60, 0x67, 0x00, 0x00, 0x00, 0x00, 0x0e, 0x1c, 0x60, 0x67, 0x00, 0x00, 0x00, 0x00, 0x06,
    0x18, 0x60, 0x66, 0x00, 0x00, 0x00, 0x00, 0x04, 0x08, 0x60, 0x42, 0x00, 0x00, 0x00, 0x00, 0x00, 0x00, 0x60, 0x00,
    0x00, 0x00, 0x00, 0x00, 0x00, 0x00, 0x60, 0x00, 0x00, 0x00, 0x00, 0x00
};

static const lv_image_dsc_t qweather_317_large = {
  .header = {
    .magic = LV_IMAGE_HEADER_MAGIC,
    .cf = LV_COLOR_FORMAT_I1,
    .flags = 0,
    .w = 48,
    .h = 48,
    .stride = 8,
    .reserved_2 = 0,
  },
  .data_size = 392,
  .data = qweather_317_large_map,
  .reserved = NULL,
};

static const uint8_t qweather_318_small_map[] = {
    0xff, 0xff, 0xff, 0xff, 0x00, 0x00, 0x00, 0xff, 0x00, 0x00, 0x00, 0x00, 0x00, 0x00, 0x00, 0x00, 0x00, 0x00,
    0x00, 0x00, 0x00, 0x00, 0x00, 0x00, 0x00, 0x00, 0x00, 0x00, 0x01, 0x00, 0x00, 0x00, 0x0f, 0xe0, 0x00, 0x00,
    0x1f, 0xf0, 0x00, 0x00, 0x7f, 0xfc, 0x00, 0x00, 0x7f, 0xfc, 0x00, 0x00, 0xff, 0xfe, 0x00, 0x00, 0x8d, 0x62,
    0x00, 0x00, 0x01, 0x00, 0x00, 0x00, 0x55, 0x54, 0x00, 0x00, 0x55, 0x54, 0x00, 0x00, 0x01, 0x00, 0x00, 0x00,
    0x21, 0x04, 0x00, 0x00, 0x29, 0x54, 0x00, 0x00, 0x29, 0x54, 0x00, 0x00, 0x01, 0x00, 0x00, 0x00
};

static const lv_image_dsc_t qweather_318_small = {
  .header = {
    .magic = LV_IMAGE_HEADER_MAGIC,
    .cf = LV_COLOR_FORMAT_I1,
    .flags = 0,
    .w = 20,
    .h = 20,
    .stride = 4,
    .reserved_2 = 0,
  },
  .data_size = 88,
  .data = qweather_318_small_map,
  .reserved = NULL,
};

static const uint8_t qweather_318_large_map[] = {
    0xff, 0xff, 0xff, 0xff, 0x00, 0x00, 0x00, 0xff, 0x00, 0x00, 0x00, 0x00, 0x00, 0x00, 0x00, 0x00, 0x00, 0x00, 0x00,
    0x00, 0x00, 0x00, 0x00, 0x00, 0x00, 0x00, 0x00, 0x00, 0x00, 0x00, 0x00, 0x00, 0x00, 0x00, 0x00, 0x00, 0x00, 0x00,
    0x00, 0x00, 0x00, 0x00, 0x00, 0x00, 0x00, 0x00, 0x00, 0x00, 0x00, 0x00, 0x00, 0x00, 0x00, 0x00, 0x00, 0x00, 0x00,
    0x00, 0x00, 0x00, 0x00, 0x00, 0x00, 0x00, 0x00, 0x00, 0x00, 0x00, 0x00, 0x00, 0x00, 0x00, 0x00, 0x00, 0x00, 0x00,
    0x00, 0x00, 0x00, 0x00, 0x00, 0x00, 0x00, 0x00, 0x00, 0x00, 0x00, 0x00, 0x00, 0x00, 0x00, 0x00, 0x00, 0x00, 0x00,
    0x00, 0x00, 0x00, 0x00, 0x00, 0x00, 0x00, 0x00, 0x00, 0x00, 0x00, 0x60, 0x00, 0x00, 0x00, 0x00, 0x00, 0x00, 0x00,
    0xf0, 0x00, 0x00, 0x00, 0x00, 0x00, 0x00, 0x01, 0xf8, 0x00, 0x00, 0x00, 0x00, 0x00, 0x00, 0x1f, 0xff, 0x80, 0x00,
    0x00, 0x00, 0x00, 0x00, 0x7f, 0xff, 0xe0, 0x00, 0x00, 0x00, 0x00, 0x01, 0xff, 0xff, 0xf8, 0x00, 0x00, 0x00, 0x00,
    0x07, 0xff, 0xff, 0xfe, 0x00, 0x00, 0x00, 0x00, 0x0f, 0xff, 0xff, 0xff, 0x00, 0x00, 0x00, 0x00, 0x1f, 0xff, 0xff,
    0xff, 0x80, 0x00, 0x00, 0x00, 0x1f, 0xff, 0xff, 0xff, 0x80, 0x00, 0x00, 0x00, 0x3f, 0xff, 0xff, 0xff, 0xc0, 0x00,
    0x00, 0x00, 0x7f, 0xff, 0xff, 0xff, 0xe0, 0x00, 0x00, 0x00, 0x7f, 0xff, 0xff, 0xff, 0xe0, 0x00, 0x00, 0x00, 0x7f,
    0xff, 0xff, 0xff, 0xe0, 0x00, 0x00, 0x00, 0xff, 0xff, 0xff, 0xff, 0xf0, 0x00, 0x00, 0x00, 0xe0, 0x7e, 0x67, 0xe0,
    0x70, 0x00, 0x00, 0x00, 0x00, 0x18, 0x61, 0x80, 0x00, 0x00, 0x00, 0x00, 0x00, 0x00, 0x60, 0x00, 0x00, 0x00, 0x00,
    0x00, 0x11, 0x88, 0x61, 0x18, 0x80, 0x00, 0x00, 0x00, 0x31, 0x98, 0x61, 0x98, 0xc0, 0x00, 0x00, 0x00, 0x39, 0x9c,
    0x63, 0x99, 0xc0, 0x00, 0x00, 0x00, 0x39, 0x9c, 0x63, 0x99, 0xc0, 0x00, 0x00, 0x00, 0x39, 0x9c, 0x63, 0x99, 0xc0,
    0x00, 0x00, 0x00, 0x31, 0x98, 0x61, 0x98, 0xc0, 0x00, 0x00, 0x00, 0x11, 0x08, 0x61, 0x08, 0x80, 0x00, 0x00, 0x00,
    0x00, 0x00, 0x60, 0x00, 0x00, 0x00, 0x00, 0x00, 0x00, 0x00, 0x60, 0x00, 0x00, 0x00, 0x00, 0x00, 0x04, 0x60, 0x61,
    0x18, 0x80, 0x00, 0x00, 0x00, 0x06, 0x60, 0x61, 0x98, 0xc0, 0x00, 0x00, 0x00, 0x0e, 0x60, 0x63, 0x99, 0xc0, 0x00,
    0x00, 0x00, 0x0e, 0x60, 0x63, 0x99, 0xc0, 0x00, 0x00, 0x00, 0x0e, 0x60, 0x63, 0x99, 0xc0, 0x00, 0x00, 0x00, 0x06,
    0x60, 0x61, 0x98, 0xc0, 0x00, 0x00, 0x00, 0x04, 0x20, 0x61, 0x08, 0x80, 0x00, 0x00, 0x00, 0x00, 0x00, 0x60, 0x00,
    0x00, 0x00, 0x00, 0x00, 0x00, 0x00, 0x60, 0x00, 0x00, 0x00, 0x00, 0x00
};

static const lv_image_dsc_t qweather_318_large = {
  .header = {
    .magic = LV_IMAGE_HEADER_MAGIC,
    .cf = LV_COLOR_FORMAT_I1,
    .flags = 0,
    .w = 48,
    .h = 48,
    .stride = 8,
    .reserved_2 = 0,
  },
  .data_size = 392,
  .data = qweather_318_large_map,
  .reserved = NULL,
};

static const uint8_t qweather_350_small_map[] = {
    0xff, 0xff, 0xff, 0xff, 0x00, 0x00, 0x00, 0xff, 0x00, 0x00, 0x00, 0x00, 0x00, 0x00, 0x00, 0x00, 0x00, 0x00,
    0x00, 0x00, 0x00, 0x00, 0x00, 0x00, 0x00, 0x00, 0x00, 0x00, 0x00, 0x20, 0x00, 0x00, 0x00, 0x60, 0x00, 0x00,
    0x00, 0xa0, 0x00, 0x00, 0x03, 0x10, 0x00, 0x00, 0x0f, 0xce, 0x00, 0x00, 0x3f, 0xf0, 0x00, 0x00, 0x7f, 0xfc,
    0x00, 0x00, 0xff, 0xfc, 0x00, 0x00, 0xff, 0xfc, 0x00, 0x00, 0x7f, 0xf8, 0x00, 0x00, 0x0f, 0xc0, 0x00, 0x00,
    0x03, 0x00, 0x00, 0x00, 0x00, 0x00, 0x00, 0x00, 0x18, 0x60, 0x00, 0x00, 0x08, 0x60, 0x00, 0x00
};

static const lv_image_dsc_t qweather_350_small = {
  .header = {
    .magic = LV_IMAGE_HEADER_MAGIC,
    .cf = LV_COLOR_FORMAT_I1,
    .flags = 0,
    .w = 20,
    .h = 20,
    .stride = 4,
    .reserved_2 = 0,
  },
  .data_size = 88,
  .data = qweather_350_small_map,
  .reserved = NULL,
};

static const uint8_t qweather_350_large_map[] = {
    0xff, 0xff, 0xff, 0xff, 0x00, 0x00, 0x00, 0xff, 0x00, 0x00, 0x00, 0x00, 0x00, 0x00, 0x00, 0x00, 0x00, 0x00, 0x00,
    0x00, 0x00, 0x00, 0x00, 0x00, 0x00, 0x00, 0x00, 0x00, 0x00, 0x00, 0x00, 0x00, 0x00, 0x00, 0x00, 0x00, 0x00, 0x00,
    0x00, 0x00, 0x00, 0x00, 0x00, 0x00, 0x00, 0x00, 0x00, 0x00, 0x00, 0x00, 0x00, 0x00, 0x00, 0x00, 0x00, 0x00, 0x00,
    0x00, 0x00, 0x00, 0x00, 0x00, 0x00, 0x00, 0x00, 0x00, 0x00, 0x00, 0x00, 0x00, 0x00, 0x00, 0x00, 0x00, 0x00, 0x00,
    0x00, 0x00, 0x00, 0x00, 0x00, 0x00, 0x00, 0x00, 0x00, 0x00, 0x00, 0x00, 0x00, 0x00, 0x00, 0x00, 0x00, 0x00, 0x00,
    0x00, 0x00, 0x00, 0x00, 0x00, 0x00, 0x00, 0x00, 0x00, 0x00, 0x00, 0x00, 0xc0, 0x00, 0x00, 0x00, 0x00, 0x00, 0x00,
    0x01, 0xc0, 0x00, 0x00, 0x00, 0x00, 0x00, 0x00, 0x03, 0xc0, 0x00, 0x00, 0x00, 0x00, 0x00, 0x00, 0x07, 0xc0, 0x00,
    0x00, 0x00, 0x00, 0x00, 0x00, 0x07, 0xc0, 0x00, 0x00, 0x00, 0x00, 0x00, 0x00, 0x0e, 0xc0, 0x00, 0x00, 0x00, 0x00,
    0x00, 0x00, 0x0c, 0xe0, 0x00, 0x00, 0x00, 0x00, 0x00, 0x00, 0x00, 0x70, 0x00, 0x00, 0x00, 0x00, 0x00, 0x07, 0xf0,
    0x78, 0x00, 0x00, 0x00, 0x00, 0x00, 0x1f, 0xfc, 0x3e, 0x00, 0x00, 0x00, 0x00, 0x00, 0x3f, 0xff, 0x0f, 0xe0, 0x00,
    0x00, 0x00, 0x00, 0x7f, 0xff, 0x83, 0xe0, 0x00, 0x00, 0x00, 0x00, 0xff, 0xff, 0x81, 0xc0, 0x00, 0x00, 0x00, 0x0f,
    0xff, 0xff, 0xfc, 0x00, 0x00, 0x00, 0x00, 0x3f, 0xff, 0xff, 0xff, 0x00, 0x00, 0x00, 0x00, 0x7f, 0xff, 0xff, 0xff,
    0x80, 0x00, 0x00, 0x00, 0x7f, 0xff, 0xff, 0xff, 0x80, 0x00, 0x00, 0x00, 0xff, 0xff, 0xff, 0xff, 0xc0, 0x00, 0x00,
    0x00, 0xff, 0xff, 0xff, 0xff, 0xc0, 0x00, 0x00, 0x00, 0xff, 0xff, 0xff, 0xff, 0xc0, 0x00, 0x00, 0x00, 0xff, 0xff,
    0xff, 0xff, 0xc0, 0x00, 0x00, 0x00, 0x7f, 0xff, 0xff, 0xff, 0x80, 0x00, 0x00, 0x00, 0x7f, 0xff, 0xff, 0xff, 0x80,
    0x00, 0x00, 0x00, 0x3f, 0xff, 0xff, 0xff, 0x00, 0x00, 0x00, 0x00, 0x0f, 0xff, 0xff, 0xfc, 0x00, 0x00, 0x00, 0x00,
    0x00, 0x3f, 0xff, 0x00, 0x00, 0x00, 0x00, 0x00, 0x00, 0x1f, 0xfc, 0x00, 0x00, 0x00, 0x00, 0x00, 0x00, 0x07, 0xf0,
    0x00, 0x00, 0x00, 0x00, 0x00, 0x00, 0x00, 0x00, 0x00, 0x00, 0x00, 0x00, 0x00, 0x00, 0x00, 0x00, 0x00, 0x00, 0x00,
    0x00, 0x00, 0x00, 0x60, 0x01, 0x00, 0x00, 0x00, 0x00, 0x00, 0x00, 0x70, 0x03, 0x80, 0x00, 0x00, 0x00, 0x00, 0x00,
    0xf0, 0x03, 0xc0, 0x00, 0x00, 0x00, 0x00, 0x00, 0xf0, 0x07, 0xc0, 0x00, 0x00, 0x00, 0x00, 0x00, 0xf0, 0x03, 0xc0,
    0x00, 0x00, 0x00, 0x00, 0x00, 0x60, 0x03, 0x80, 0x00, 0x00, 0x00, 0x00
};

static const lv_image_dsc_t qweather_350_large = {
  .header = {
    .magic = LV_IMAGE_HEADER_MAGIC,
    .cf = LV_COLOR_FORMAT_I1,
    .flags = 0,
    .w = 48,
    .h = 48,
    .stride = 8,
    .reserved_2 = 0,
  },
  .data_size = 392,
  .data = qweather_350_large_map,
  .reserved = NULL,
};

static const uint8_t qweather_351_small_map[] = {
    0xff, 0xff, 0xff, 0xff, 0x00, 0x00, 0x00, 0xff, 0x00, 0x00, 0x00, 0x00, 0x00, 0x00, 0x00, 0x00, 0x00, 0x00,
    0x00, 0x00, 0x00, 0x00, 0x00, 0x00, 0x00, 0x00, 0x00, 0x00, 0x00, 0x20, 0x00, 0x00, 0x00, 0x60, 0x00, 0x00,
    0x00, 0xa0, 0x00, 0x00, 0x03, 0x10, 0x00, 0x00, 0x0f, 0xce, 0x00, 0x00, 0x3f, 0xf0, 0x00, 0x00, 0x7f, 0xfc,
    0x00, 0x00, 0xff, 0xfc, 0x00, 0x00, 0xff, 0xfc, 0x00, 0x00, 0x7f, 0xf8, 0x00, 0x00, 0x0f, 0xc0, 0x00, 0x00,
    0x03, 0x00, 0x00, 0x00, 0x10, 0x20, 0x00, 0x00, 0x1b, 0x20, 0x00, 0x00, 0x03, 0x00, 0x00, 0x00
};

static const lv_image_dsc_t qweather_351_small = {
  .header = {
    .magic = LV_IMAGE_HEADER_MAGIC,
    .cf = LV_COLOR_FORMAT_I1,
    .flags = 0,
    .w = 20,
    .h = 20,
    .stride = 4,
    .reserved_2 = 0,
  },
  .data_size = 88,
  .data = qweather_351_small_map,
  .reserved = NULL,
};

static const uint8_t qweather_351_large_map[] = {
    0xff, 0xff, 0xff, 0xff, 0x00, 0x00, 0x00, 0xff, 0x00, 0x00, 0x00, 0x00, 0x00, 0x00, 0x00, 0x00, 0x00, 0x00, 0x00,
    0x00, 0x00, 0x00, 0x00, 0x00, 0x00, 0x00, 0x00, 0x00, 0x00, 0x00, 0x00, 0x00, 0x00, 0x00, 0x00, 0x00, 0x00, 0x00,
    0x00, 0x00, 0x00, 0x00, 0x00, 0x00, 0x00, 0x00, 0x00, 0x00, 0x00, 0x00, 0x00, 0x00, 0x00, 0x00, 0x00, 0x00, 0x00,
    0x00, 0x00, 0x00, 0x00, 0x00, 0x00, 0x00, 0x00, 0x00, 0x00, 0x00, 0x00, 0x00, 0x00, 0x00, 0x00, 0x00, 0x00, 0x00,
    0x00, 0x00, 0x00, 0x00, 0x00, 0x00, 0x00, 0x00, 0x00, 0x00, 0x00, 0x00, 0x00, 0x00, 0x00, 0x00, 0x00, 0x00, 0x00,
    0x00, 0x00, 0x00, 0x00, 0x00, 0x00, 0x00, 0x00, 0x00, 0x00, 0x00, 0x00, 0xc0, 0x00, 0x00, 0x00, 0x00, 0x00, 0x00,
    0x01, 0xc0, 0x00, 0x00, 0x00, 0x00, 0x00, 0x00, 0x03, 0xc0, 0x00, 0x00, 0x00, 0x00, 0x00, 0x00, 0x07, 0xc0, 0x00,
    0x00, 0x00, 0x00, 0x00, 0x00, 0x07, 0xc0, 0x00, 0x00, 0x00, 0x00, 0x00, 0x00, 0x0e, 0xc0, 0x00, 0x00, 0x00, 0x00,
    0x00, 0x00, 0x0c, 0xe0, 0x00, 0x00, 0x00, 0x00, 0x00, 0x00, 0x00, 0x70, 0x00, 0x00, 0x00, 0x00, 0x00, 0x07, 0xf0,
    0x78, 0x00, 0x00, 0x00, 0x00, 0x00, 0x1f, 0xfc, 0x3e, 0x00, 0x00, 0x00, 0x00, 0x00, 0x3f, 0xff, 0x0f, 0xe0, 0x00,
    0x00, 0x00, 0x00, 0x7f, 0xff, 0x83, 0xe0, 0x00, 0x00, 0x00, 0x00, 0xff, 0xff, 0x81, 0xc0, 0x00, 0x00, 0x00, 0x0f,
    0xff, 0xff, 0xfc, 0x00, 0x00, 0x00, 0x00, 0x3f, 0xff, 0xff, 0xff, 0x00, 0x00, 0x00, 0x00, 0x7f, 0xff, 0xff, 0xff,
    0x80, 0x00, 0x00, 0x00, 0x7f, 0xff, 0xff, 0xff, 0x80, 0x00, 0x00, 0x00, 0xff, 0xff, 0xff, 0xff, 0xc0, 0x00, 0x00,
    0x00, 0xff, 0xff, 0xff, 0xff, 0xc0, 0x00, 0x00, 0x00, 0xff, 0xff, 0xff, 0xff, 0xc0, 0x00, 0x00, 0x00, 0xff, 0xff,
    0xff, 0xff, 0xc0, 0x00, 0x00, 0x00, 0x7f, 0xff, 0xff, 0xff, 0x80, 0x00, 0x00, 0x00, 0x7f, 0xff, 0xff, 0xff, 0x80,
    0x00, 0x00, 0x00, 0x3f, 0xff, 0xff, 0xff, 0x00, 0x00, 0x00, 0x00, 0x0f, 0xff, 0xff, 0xfc, 0x00, 0x00, 0x00, 0x00,
    0x00, 0x3f, 0xff, 0x00, 0x00, 0x00, 0x00, 0x00, 0x00, 0x1f, 0xfc, 0x00, 0x00, 0x00, 0x00, 0x00, 0x00, 0x07, 0xf0,
    0x80, 0x00, 0x00, 0x00, 0x00, 0x00, 0xc0, 0x00, 0xc0, 0x00, 0x00, 0x00, 0x00, 0x01, 0xe0, 0x01, 0xc0, 0x00, 0x00,
    0x00, 0x00, 0x01, 0xe0, 0xc1, 0xe0, 0x00, 0x00, 0x00, 0x00, 0x01, 0xe1, 0xc1, 0xe0, 0x00, 0x00, 0x00, 0x00, 0x01,
    0xe1, 0xe1, 0xe0, 0x00, 0x00, 0x00, 0x00, 0x00, 0xc1, 0xe0, 0xc0, 0x00, 0x00, 0x00, 0x00, 0x00, 0x01, 0xe0, 0x00,
    0x00, 0x00, 0x00, 0x00, 0x00, 0x00, 0xc0, 0x00, 0x00, 0x00, 0x00, 0x00
};

static const lv_image_dsc_t qweather_351_large = {
  .header = {
    .magic = LV_IMAGE_HEADER_MAGIC,
    .cf = LV_COLOR_FORMAT_I1,
    .flags = 0,
    .w = 48,
    .h = 48,
    .stride = 8,
    .reserved_2 = 0,
  },
  .data_size = 392,
  .data = qweather_351_large_map,
  .reserved = NULL,
};

static const uint8_t qweather_399_small_map[] = {
    0xff, 0xff, 0xff, 0xff, 0x00, 0x00, 0x00, 0xff, 0x00, 0x00, 0x00, 0x00, 0x00, 0x00, 0x00, 0x00, 0x00, 0x00,
    0x00, 0x00, 0x00, 0x00, 0x00, 0x00, 0x00, 0x00, 0x00, 0x00, 0x00, 0x08, 0x00, 0x00, 0x08, 0x18, 0x00, 0x00,
    0x0c, 0x3c, 0x00, 0x00, 0x1c, 0x3e, 0x00, 0x00, 0x3e, 0x7e, 0x00, 0x00, 0x3f, 0x7e, 0x00, 0x00, 0x7f, 0x3c,
    0x00, 0x00, 0x7f, 0x80, 0x00, 0x00, 0xff, 0x80, 0x00, 0x00, 0xff, 0x80, 0x00, 0x00, 0xff, 0x80, 0x00, 0x00,
    0xff, 0x80, 0x00, 0x00, 0x7f, 0x80, 0x00, 0x00, 0x7f, 0x00, 0x00, 0x00, 0x1e, 0x00, 0x00, 0x00
};

static const lv_image_dsc_t qweather_399_small = {
  .header = {
    .magic = LV_IMAGE_HEADER_MAGIC,
    .cf = LV_COLOR_FORMAT_I1,
    .flags = 0,
    .w = 20,
    .h = 20,
    .stride = 4,
    .reserved_2 = 0,
  },
  .data_size = 88,
  .data = qweather_399_small_map,
  .reserved = NULL,
};

static const uint8_t qweather_399_large_map[] = {
    0xff, 0xff, 0xff, 0xff, 0x00, 0x00, 0x00, 0xff, 0x00, 0x00, 0x00, 0x00, 0x00, 0x00, 0x00, 0x00, 0x00, 0x00, 0x00,
    0x00, 0x00, 0x00, 0x00, 0x00, 0x00, 0x00, 0x00, 0x00, 0x00, 0x00, 0x00, 0x00, 0x00, 0x00, 0x00, 0x00, 0x00, 0x00,
    0x00, 0x00, 0x00, 0x00, 0x00, 0x00, 0x00, 0x00, 0x00, 0x00, 0x00, 0x00, 0x00, 0x00, 0x00, 0x00, 0x00, 0x00, 0x00,
    0x00, 0x00, 0x00, 0x00, 0x00, 0x00, 0x00, 0x00, 0x00, 0x00, 0x00, 0x00, 0x00, 0x00, 0x00, 0x00, 0x00, 0x00, 0x00,
    0x00, 0x00, 0x00, 0x00, 0x00, 0x00, 0x00, 0x00, 0x00, 0x00, 0x00, 0x00, 0x00, 0x00, 0x00, 0x00, 0x00, 0x00, 0x00,
    0x00, 0x00, 0x00, 0x00, 0x00, 0x00, 0x00, 0x00, 0x00, 0x00, 0x00, 0x00, 0x04, 0x00, 0x00, 0x00, 0x00, 0x00, 0x00,
    0x00, 0x0c, 0x00, 0x00, 0x00, 0x00, 0x00, 0x00, 0x00, 0x1e, 0x00, 0x00, 0x00, 0x00, 0x00, 0x30, 0x00, 0x1f, 0x00,
    0x00, 0x00, 0x00, 0x00, 0x38, 0x00, 0x3f, 0x80, 0x00, 0x00, 0x00, 0x00, 0x78, 0x00, 0x7f, 0x80, 0x00, 0x00, 0x00,
    0x00, 0xfc, 0x00, 0x7f, 0xc0, 0x00, 0x00, 0x00, 0x00, 0xfe, 0x00, 0xff, 0xc0, 0x00, 0x00, 0x00, 0x01, 0xff, 0x00,
    0xff, 0xe0, 0x00, 0x00, 0x00, 0x03, 0xff, 0x01, 0xff, 0xe0, 0x00, 0x00, 0x00, 0x03, 0xff, 0x81, 0xff, 0xf0, 0x00,
    0x00, 0x00, 0x07, 0xff, 0x81, 0xff, 0xf0, 0x00, 0x00, 0x00, 0x07, 0xff, 0xc1, 0xff, 0xf0, 0x00, 0x00, 0x00, 0x0f,
    0xff, 0xc1, 0xff, 0xf0, 0x00, 0x00, 0x00, 0x1f, 0xff, 0xe1, 0xff, 0xe0, 0x00, 0x00, 0x00, 0x1f, 0xff, 0xf0, 0xff,
    0xe0, 0x00, 0x00, 0x00, 0x3f, 0xff, 0xf0, 0x7f, 0xc0, 0x00, 0x00, 0x00, 0x3f, 0xff, 0xf0, 0x1f, 0x00, 0x00, 0x00,
    0x00, 0x3f, 0xff, 0xf8, 0x00, 0x00, 0x00, 0x00, 0x00, 0x7f, 0xff, 0xf8, 0x00, 0x00, 0x00, 0x00, 0x00, 0x7f, 0xff,
    0xfc, 0x00, 0x00, 0x00, 0x00, 0x00, 0x7f, 0xff, 0xfc, 0x00, 0x00, 0x00, 0x00, 0x00, 0xff, 0xff, 0xfc, 0x00, 0x00,
    0x00, 0x00, 0x00, 0xff, 0xff, 0xfc, 0x00, 0x00, 0x00, 0x00, 0x00, 0xff, 0xff, 0xfc, 0x00, 0x00, 0x00, 0x00, 0x00,
    0xff, 0xff, 0xfc, 0x00, 0x00, 0x00, 0x00, 0x00, 0xff, 0xff, 0xfc, 0x00, 0x00, 0x00, 0x00, 0x00, 0xff, 0xff, 0xfc,
    0x00, 0x00, 0x00, 0x00, 0x00, 0x7f, 0xff, 0xfc, 0x00, 0x00, 0x00, 0x00, 0x00, 0x7f, 0xff, 0xf8, 0x00, 0x00, 0x00,
    0x00, 0x00, 0x3f, 0xff, 0xf8, 0x00, 0x00, 0x00, 0x00, 0x00, 0x3f, 0xff, 0xf0, 0x00, 0x00, 0x00, 0x00, 0x00, 0x1f,
    0xff, 0xe0, 0x00, 0x00, 0x00, 0x00, 0x00, 0x0f, 0xff, 0xc0, 0x00, 0x00, 0x00, 0x00, 0x00, 0x03, 0xff, 0x80, 0x00,
    0x00, 0x00, 0x00, 0x00, 0x00, 0xfc, 0x00, 0x00, 0x00, 0x00, 0x00, 0x00
};

static const lv_image_dsc_t qweather_399_large = {
  .header = {
    .magic = LV_IMAGE_HEADER_MAGIC,
    .cf = LV_COLOR_FORMAT_I1,
    .flags = 0,
    .w = 48,
    .h = 48,
    .stride = 8,
    .reserved_2 = 0,
  },
  .data_size = 392,
  .data = qweather_399_large_map,
  .reserved = NULL,
};

static const uint8_t qweather_400_small_map[] = {
    0xff, 0xff, 0xff, 0xff, 0x00, 0x00, 0x00, 0xff, 0x00, 0x00, 0x00, 0x00, 0x00, 0x00, 0x00, 0x00, 0x00, 0x00,
    0x00, 0x00, 0x00, 0x00, 0x00, 0x00, 0x00, 0x00, 0x00, 0x00, 0x07, 0x80, 0x00, 0x00, 0x0f, 0xe0, 0x00, 0x00,
    0x3f, 0xf8, 0x00, 0x00, 0x7f, 0xfc, 0x00, 0x00, 0xff, 0xfe, 0x00, 0x00, 0xff, 0xfe, 0x00, 0x00, 0xff, 0xfe,
    0x00, 0x00, 0x7f, 0xfc, 0x00, 0x00, 0x07, 0xc0, 0x00, 0x00, 0x00, 0x00, 0x00, 0x00, 0x00, 0x00, 0x00, 0x00,
    0x00, 0x00, 0x00, 0x00, 0x0c, 0x60, 0x00, 0x00, 0x04, 0x40, 0x00, 0x00, 0x00, 0x00, 0x00, 0x00
};

static const lv_image_dsc_t qweather_400_small = {
  .header = {
    .magic = LV_IMAGE_HEADER_MAGIC,
    .cf = LV_COLOR_FORMAT_I1,
    .flags = 0,
    .w = 20,
    .h = 20,
    .stride = 4,
    .reserved_2 = 0,
  },
  .data_size = 88,
  .data = qweather_400_small_map,
  .reserved = NULL,
};

static const uint8_t qweather_400_large_map[] = {
    0xff, 0xff, 0xff, 0xff, 0x00, 0x00, 0x00, 0xff, 0x00, 0x00, 0x00, 0x00, 0x00, 0x00, 0x00, 0x00, 0x00, 0x00, 0x00,
    0x00, 0x00, 0x00, 0x00, 0x00, 0x00, 0x00, 0x00, 0x00, 0x00, 0x00, 0x00, 0x00, 0x00, 0x00, 0x00, 0x00, 0x00, 0x00,
    0x00, 0x00, 0x00, 0x00, 0x00, 0x00, 0x00, 0x00, 0x00, 0x00, 0x00, 0x00, 0x00, 0x00, 0x00, 0x00, 0x00, 0x00, 0x00,
    0x00, 0x00, 0x00, 0x00, 0x00, 0x00, 0x00, 0x00, 0x00, 0x00, 0x00, 0x00, 0x00, 0x00, 0x00, 0x00, 0x00, 0x00, 0x00,
    0x00, 0x00, 0x00, 0x00, 0x00, 0x00, 0x00, 0x00, 0x00, 0x00, 0x00, 0x00, 0x00, 0x00, 0x00, 0x00, 0x00, 0x00, 0x00,
    0x00, 0x00, 0x00, 0x00, 0x00, 0x00, 0x00, 0x00, 0x00, 0x00, 0x01, 0xf8, 0x00, 0x00, 0x00, 0x00, 0x00, 0x00, 0x0f,
    0xfe, 0x00, 0x00, 0x00, 0x00, 0x00, 0x00, 0x1f, 0xff, 0x80, 0x00, 0x00, 0x00, 0x00, 0x00, 0x3f, 0xff, 0xc0, 0x00,
    0x00, 0x00, 0x00, 0x00, 0x7f, 0xff, 0xe0, 0x00, 0x00, 0x00, 0x00, 0x00, 0xff, 0xff, 0xe0, 0x00, 0x00, 0x00, 0x00,
    0x1f, 0xff, 0xff, 0xff, 0x80, 0x00, 0x00, 0x00, 0x3f, 0xff, 0xff, 0xff, 0xc0, 0x00, 0x00, 0x00, 0x7f, 0xff, 0xff,
    0xff, 0xe0, 0x00, 0x00, 0x00, 0x7f, 0xff, 0xff, 0xff, 0xe0, 0x00, 0x00, 0x00, 0xff, 0xff, 0xff, 0xff, 0xf0, 0x00,
    0x00, 0x00, 0xff, 0xff, 0xff, 0xff, 0xf0, 0x00, 0x00, 0x00, 0xff, 0xff, 0xff, 0xff, 0xf0, 0x00, 0x00, 0x00, 0xff,
    0xff, 0xff, 0xff, 0xf0, 0x00, 0x00, 0x00, 0xff, 0xff, 0xff, 0xff, 0xf0, 0x00, 0x00, 0x00, 0x7f, 0xff, 0xff, 0xff,
    0xe0, 0x00, 0x00, 0x00, 0x7f, 0xff, 0xff, 0xff, 0xe0, 0x00, 0x00, 0x00, 0x3f, 0xff, 0xff, 0xff, 0xc0, 0x00, 0x00,
    0x00, 0x0f, 0xff, 0xff, 0xff, 0x00, 0x00, 0x00, 0x00, 0x00, 0x3f, 0xff, 0x80, 0x00, 0x00, 0x00, 0x00, 0x00, 0x1f,
    0xff, 0x00, 0x00, 0x00, 0x00, 0x00, 0x00, 0x07, 0xfc, 0x00, 0x00, 0x00, 0x00, 0x00, 0x00, 0x00, 0x00, 0x00, 0x00,
    0x00, 0x00, 0x00, 0x00, 0x00, 0x00, 0x00, 0x00, 0x00, 0x00, 0x00, 0x00, 0x00, 0x00, 0x00, 0x00, 0x00, 0x00, 0x00,
    0x00, 0x00, 0x00, 0x00, 0x00, 0x00, 0x00, 0x00, 0x00, 0x00, 0x00, 0x00, 0x00, 0x00, 0x00, 0x00, 0x00, 0x08, 0x01,
    0x00, 0x00, 0x00, 0x00, 0x00, 0x00, 0x3a, 0x05, 0xc0, 0x00, 0x00, 0x00, 0x00, 0x00, 0x3e, 0x07, 0xc0, 0x00, 0x00,
    0x00, 0x00, 0x00, 0x3c, 0x03, 0xc0, 0x00, 0x00, 0x00, 0x00, 0x00, 0x7e, 0x07, 0xe0, 0x00, 0x00, 0x00, 0x00, 0x00,
    0x08, 0x01, 0x00, 0x00, 0x00, 0x00, 0x00, 0x00, 0x08, 0x01, 0x00, 0x00, 0x00, 0x00, 0x00, 0x00, 0x00, 0x00, 0x00,
    0x00, 0x00, 0x00, 0x00, 0x00, 0x00, 0x00, 0x00, 0x00, 0x00, 0x00, 0x00
};

static const lv_image_dsc_t qweather_400_large = {
  .header = {
    .magic = LV_IMAGE_HEADER_MAGIC,
    .cf = LV_COLOR_FORMAT_I1,
    .flags = 0,
    .w = 48,
    .h = 48,
    .stride = 8,
    .reserved_2 = 0,
  },
  .data_size = 392,
  .data = qweather_400_large_map,
  .reserved = NULL,
};

static const uint8_t qweather_401_small_map[] = {
    0xff, 0xff, 0xff, 0xff, 0x00, 0x00, 0x00, 0xff, 0x00, 0x00, 0x00, 0x00, 0x00, 0x00, 0x00, 0x00, 0x00, 0x00,
    0x00, 0x00, 0x00, 0x00, 0x00, 0x00, 0x00, 0x00, 0x00, 0x00, 0x07, 0x80, 0x00, 0x00, 0x0f, 0xe0, 0x00, 0x00,
    0x3f, 0xf8, 0x00, 0x00, 0x7f, 0xfc, 0x00, 0x00, 0xff, 0xfe, 0x00, 0x00, 0xff, 0xfe, 0x00, 0x00, 0xff, 0xfe,
    0x00, 0x00, 0x7f, 0xfc, 0x00, 0x00, 0x07, 0xc0, 0x00, 0x00, 0x00, 0x00, 0x00, 0x00, 0x00, 0x00, 0x00, 0x00,
    0x30, 0x18, 0x00, 0x00, 0x10, 0x10, 0x00, 0x00, 0x03, 0x80, 0x00, 0x00, 0x01, 0x00, 0x00, 0x00
};

static const lv_image_dsc_t qweather_401_small = {
  .header = {
    .magic = LV_IMAGE_HEADER_MAGIC,
    .cf = LV_COLOR_FORMAT_I1,
    .flags = 0,
    .w = 20,
    .h = 20,
    .stride = 4,
    .reserved_2 = 0,
  },
  .data_size = 88,
  .data = qweather_401_small_map,
  .reserved = NULL,
};

static const uint8_t qweather_401_large_map[] = {
    0xff, 0xff, 0xff, 0xff, 0x00, 0x00, 0x00, 0xff, 0x00, 0x00, 0x00, 0x00, 0x00, 0x00, 0x00, 0x00, 0x00, 0x00, 0x00,
    0x00, 0x00, 0x00, 0x00, 0x00, 0x00, 0x00, 0x00, 0x00, 0x00, 0x00, 0x00, 0x00, 0x00, 0x00, 0x00, 0x00, 0x00, 0x00,
    0x00, 0x00, 0x00, 0x00, 0x00, 0x00, 0x00, 0x00, 0x00, 0x00, 0x00, 0x00, 0x00, 0x00, 0x00, 0x00, 0x00, 0x00, 0x00,
    0x00, 0x00, 0x00, 0x00, 0x00, 0x00, 0x00, 0x00, 0x00, 0x00, 0x00, 0x00, 0x00, 0x00, 0x00, 0x00, 0x00, 0x00, 0x00,
    0x00, 0x00, 0x00, 0x00, 0x00, 0x00, 0x00, 0x00, 0x00, 0x00, 0x00, 0x00, 0x00, 0x00, 0x00, 0x00, 0x00, 0x00, 0x00,
    0x00, 0x00, 0x00, 0x00, 0x00, 0x00, 0x00, 0x00, 0x00, 0x00, 0x01, 0xf8, 0x00, 0x00, 0x00, 0x00, 0x00, 0x00, 0x0f,
    0xfe, 0x00, 0x00, 0x00, 0x00, 0x00, 0x00, 0x1f, 0xff, 0x80, 0x00, 0x00, 0x00, 0x00, 0x00, 0x3f, 0xff, 0xc0, 0x00,
    0x00, 0x00, 0x00, 0x00, 0x7f, 0xff, 0xe0, 0x00, 0x00, 0x00, 0x00, 0x00, 0xff, 0xff, 0xe0, 0x00, 0x00, 0x00, 0x00,
    0x1f, 0xff, 0xff, 0xff, 0x80, 0x00, 0x00, 0x00, 0x3f, 0xff, 0xff, 0xff, 0xc0, 0x00, 0x00, 0x00, 0x7f, 0xff, 0xff,
    0xff, 0xe0, 0x00, 0x00, 0x00, 0x7f, 0xff, 0xff, 0xff, 0xe0, 0x00, 0x00, 0x00, 0xff, 0xff, 0xff, 0xff, 0xf0, 0x00,
    0x00, 0x00, 0xff, 0xff, 0xff, 0xff, 0xf0, 0x00, 0x00, 0x00, 0xff, 0xff, 0xff, 0xff, 0xf0, 0x00, 0x00, 0x00, 0xff,
    0xff, 0xff, 0xff, 0xf0, 0x00, 0x00, 0x00, 0xff, 0xff, 0xff, 0xff, 0xf0, 0x00, 0x00, 0x00, 0x7f, 0xff, 0xff, 0xff,
    0xe0, 0x00, 0x00, 0x00, 0x7f, 0xff, 0xff, 0xff, 0xe0, 0x00, 0x00, 0x00, 0x3f, 0xff, 0xff, 0xff, 0xc0, 0x00, 0x00,
    0x00, 0x0f, 0xff, 0xff, 0xff, 0x00, 0x00, 0x00, 0x00, 0x00, 0x3f, 0xff, 0x80, 0x00, 0x00, 0x00, 0x00, 0x00, 0x1f,
    0xff, 0x00, 0x00, 0x00, 0x00, 0x00, 0x00, 0x07, 0xfc, 0x00, 0x00, 0x00, 0x00, 0x00, 0x00, 0x00, 0x00, 0x00, 0x00,
    0x00, 0x00, 0x00, 0x00, 0x00, 0x00, 0x00, 0x00, 0x00, 0x00, 0x00, 0x00, 0x00, 0x00, 0x00, 0x00, 0x00, 0x00, 0x00,
    0x01, 0x80, 0x00, 0x18, 0x00, 0x00, 0x00, 0x00, 0x07, 0xe0, 0x00, 0x7e, 0x00, 0x00, 0x00, 0x00, 0x07, 0xc0, 0x00,
    0x3e, 0x00, 0x00, 0x00, 0x00, 0x03, 0xc0, 0x00, 0x3c, 0x00, 0x00, 0x00, 0x00, 0x07, 0xe0, 0x00, 0x7e, 0x00, 0x00,
    0x00, 0x00, 0x01, 0x80, 0x60, 0x18, 0x00, 0x00, 0x00, 0x00, 0x00, 0x01, 0xf8, 0x00, 0x00, 0x00, 0x00, 0x00, 0x00,
    0x00, 0xf0, 0x00, 0x00, 0x00, 0x00, 0x00, 0x00, 0x01, 0xf8, 0x00, 0x00, 0x00, 0x00, 0x00, 0x00, 0x01, 0x68, 0x00,
    0x00, 0x00, 0x00, 0x00, 0x00, 0x00, 0x60, 0x00, 0x00, 0x00, 0x00, 0x00
};

static const lv_image_dsc_t qweather_401_large = {
  .header = {
    .magic = LV_IMAGE_HEADER_MAGIC,
    .cf = LV_COLOR_FORMAT_I1,
    .flags = 0,
    .w = 48,
    .h = 48,
    .stride = 8,
    .reserved_2 = 0,
  },
  .data_size = 392,
  .data = qweather_401_large_map,
  .reserved = NULL,
};

static const uint8_t qweather_402_small_map[] = {
    0xff, 0xff, 0xff, 0xff, 0x00, 0x00, 0x00, 0xff, 0x00, 0x00, 0x00, 0x00, 0x00, 0x00, 0x00, 0x00, 0x00, 0x00,
    0x00, 0x00, 0x00, 0x00, 0x00, 0x00, 0x00, 0x00, 0x00, 0x00, 0x07, 0x80, 0x00, 0x00, 0x0f, 0xe0, 0x00, 0x00,
    0x3f, 0xf8, 0x00, 0x00, 0x7f, 0xfc, 0x00, 0x00, 0xff, 0xfe, 0x00, 0x00, 0xff, 0xfe, 0x00, 0x00, 0xff, 0xfe,
    0x00, 0x00, 0x7f, 0xfc, 0x00, 0x00, 0x07, 0xc0, 0x00, 0x00, 0x00, 0x00, 0x00, 0x00, 0xc0, 0x06, 0x00, 0x00,
    0x40, 0x04, 0x00, 0x00, 0x0c, 0x60, 0x00, 0x00, 0x04, 0x40, 0x00, 0x00, 0x00, 0x00, 0x00, 0x00
};

static const lv_image_dsc_t qweather_402_small = {
  .header = {
    .magic = LV_IMAGE_HEADER_MAGIC,
    .cf = LV_COLOR_FORMAT_I1,
    .flags = 0,
    .w = 20,
    .h = 20,
    .stride = 4,
    .reserved_2 = 0,
  },
  .data_size = 88,
  .data = qweather_402_small_map,
  .reserved = NULL,
};

static const uint8_t qweather_402_large_map[] = {
    0xff, 0xff, 0xff, 0xff, 0x00, 0x00, 0x00, 0xff, 0x00, 0x00, 0x00, 0x00, 0x00, 0x00, 0x00, 0x00, 0x00, 0x00, 0x00,
    0x00, 0x00, 0x00, 0x00, 0x00, 0x00, 0x00, 0x00, 0x00, 0x00, 0x00, 0x00, 0x00, 0x00, 0x00, 0x00, 0x00, 0x00, 0x00,
    0x00, 0x00, 0x00, 0x00, 0x00, 0x00, 0x00, 0x00, 0x00, 0x00, 0x00, 0x00, 0x00, 0x00, 0x00, 0x00, 0x00, 0x00, 0x00,
    0x00, 0x00, 0x00, 0x00, 0x00, 0x00, 0x00, 0x00, 0x00, 0x00, 0x00, 0x00, 0x00, 0x00, 0x00, 0x00, 0x00, 0x00, 0x00,
    0x00, 0x00, 0x00, 0x00, 0x00, 0x00, 0x00, 0x00, 0x00, 0x00, 0x00, 0x00, 0x00, 0x00, 0x00, 0x00, 0x00, 0x00, 0x00,
    0x00, 0x00, 0x00, 0x00, 0x00, 0x00, 0x00, 0x00, 0x00, 0x00, 0x01, 0xf8, 0x00, 0x00, 0x00, 0x00, 0x00, 0x00, 0x0f,
    0xfe, 0x00, 0x00, 0x00, 0x00, 0x00, 0x00, 0x1f, 0xff, 0x80, 0x00, 0x00, 0x00, 0x00, 0x00, 0x3f, 0xff, 0xc0, 0x00,
    0x00, 0x00, 0x00, 0x00, 0x7f, 0xff, 0xe0, 0x00, 0x00, 0x00, 0x00, 0x00, 0xff, 0xff, 0xe0, 0x00, 0x00, 0x00, 0x00,
    0x1f, 0xff, 0xff, 0xff, 0x80, 0x00, 0x00, 0x00, 0x3f, 0xff, 0xff, 0xff, 0xc0, 0x00, 0x00, 0x00, 0x7f, 0xff, 0xff,
    0xff, 0xe0, 0x00, 0x00, 0x00, 0x7f, 0xff, 0xff, 0xff, 0xe0, 0x00, 0x00, 0x00, 0xff, 0xff, 0xff, 0xff, 0xf0, 0x00,
    0x00, 0x00, 0xff, 0xff, 0xff, 0xff, 0xf0, 0x00, 0x00, 0x00, 0xff, 0xff, 0xff, 0xff, 0xf0, 0x00, 0x00, 0x00, 0xff,
    0xff, 0xff, 0xff, 0xf0, 0x00, 0x00, 0x00, 0xff, 0xff, 0xff, 0xff, 0xf0, 0x00, 0x00, 0x00, 0x7f, 0xff, 0xff, 0xff,
    0xe0, 0x00, 0x00, 0x00, 0x7f, 0xff, 0xff, 0xff, 0xe0, 0x00, 0x00, 0x00, 0x3f, 0xff, 0xff, 0xff, 0xc0, 0x00, 0x00,
    0x00, 0x0f, 0xff, 0xff, 0xff, 0x00, 0x00, 0x00, 0x00, 0x00, 0x3f, 0xff, 0x80, 0x00, 0x00, 0x00, 0x00, 0x00, 0x1f,
    0xff, 0x00, 0x00, 0x00, 0x00, 0x00, 0x00, 0x07, 0xfc, 0x00, 0x00, 0x00, 0x00, 0x00, 0x00, 0x00, 0x00, 0x00, 0x00,
    0x00, 0x00, 0x00, 0x10, 0x00, 0x00, 0x00, 0x80, 0x00, 0x00, 0x00, 0xfc, 0x00, 0x00, 0x03, 0xf0, 0x00, 0x00, 0x00,
    0x7c, 0x00, 0x00, 0x03, 0xe0, 0x00, 0x00, 0x00, 0x7c, 0x00, 0x00, 0x03, 0xe0, 0x00, 0x00, 0x00, 0x7c, 0x08, 0x01,
    0x03, 0xe0, 0x00, 0x00, 0x00, 0x10, 0x3a, 0x05, 0xc0, 0x80, 0x00, 0x00, 0x00, 0x00, 0x3e, 0x07, 0xc0, 0x00, 0x00,
    0x00, 0x00, 0x00, 0x3c, 0x03, 0xc0, 0x00, 0x00, 0x00, 0x00, 0x00, 0x7e, 0x07, 0xe0, 0x00, 0x00, 0x00, 0x00, 0x00,
    0x08, 0x01, 0x00, 0x00, 0x00, 0x00, 0x00, 0x00, 0x08, 0x01, 0x00, 0x00, 0x00, 0x00, 0x00, 0x00, 0x00, 0x00, 0x00,
    0x00, 0x00, 0x00, 0x00, 0x00, 0x00, 0x00, 0x00, 0x00, 0x00, 0x00, 0x00
};

static const lv_image_dsc_t qweather_402_large = {
  .header = {
    .magic = LV_IMAGE_HEADER_MAGIC,
    .cf = LV_COLOR_FORMAT_I1,
    .flags = 0,
    .w = 48,
    .h = 48,
    .stride = 8,
    .reserved_2 = 0,
  },
  .data_size = 392,
  .data = qweather_402_large_map,
  .reserved = NULL,
};

static const uint8_t qweather_403_small_map[] = {
    0xff, 0xff, 0xff, 0xff, 0x00, 0x00, 0x00, 0xff, 0x00, 0x00, 0x00, 0x00, 0x00, 0x00, 0x00, 0x00, 0x00, 0x00,
    0x00, 0x00, 0x00, 0x00, 0x00, 0x00, 0x00, 0x00, 0x00, 0x00, 0x07, 0x80, 0x00, 0x00, 0x0f, 0xe0, 0x00, 0x00,
    0x3f, 0xf8, 0x00, 0x00, 0x7f, 0xfc, 0x00, 0x00, 0xff, 0xfe, 0x00, 0x00, 0xff, 0xfe, 0x00, 0x00, 0xff, 0xfe,
    0x00, 0x00, 0x7f, 0xfc, 0x00, 0x00, 0x07, 0xc0, 0x00, 0x00, 0x00, 0x00, 0x00, 0x00, 0xc0, 0x06, 0x00, 0x00,
    0x40, 0x04, 0x00, 0x00, 0x18, 0x30, 0x00, 0x00, 0x0b, 0xa0, 0x00, 0x00, 0x01, 0x00, 0x00, 0x00
};

static const lv_image_dsc_t qweather_403_small = {
  .header = {
    .magic = LV_IMAGE_HEADER_MAGIC,
    .cf = LV_COLOR_FORMAT_I1,
    .flags = 0,
    .w = 20,
    .h = 20,
    .stride = 4,
    .reserved_2 = 0,
  },
  .data_size = 88,
  .data = qweather_403_small_map,
  .reserved = NULL,
};

static const uint8_t qweather_403_large_map[] = {
    0xff, 0xff, 0xff, 0xff, 0x00, 0x00, 0x00, 0xff, 0x00, 0x00, 0x00, 0x00, 0x00, 0x00, 0x00, 0x00, 0x00, 0x00, 0x00,
    0x00, 0x00, 0x00, 0x00, 0x00, 0x00, 0x00, 0x00, 0x00, 0x00, 0x00, 0x00, 0x00, 0x00, 0x00, 0x00, 0x00, 0x00, 0x00,
    0x00, 0x00, 0x00, 0x00, 0x00, 0x00, 0x00, 0x00, 0x00, 0x00, 0x00, 0x00, 0x00, 0x00, 0x00, 0x00, 0x00, 0x00, 0x00,
    0x00, 0x00, 0x00, 0x00, 0x00, 0x00, 0x00, 0x00, 0x00, 0x00, 0x00, 0x00, 0x00, 0x00, 0x00, 0x00, 0x00, 0x00, 0x00,
    0x00, 0x00, 0x00, 0x00, 0x00, 0x00, 0x00, 0x00, 0x00, 0x00, 0x00, 0x00, 0x00, 0x00, 0x00, 0x00, 0x00, 0x00, 0x00,
    0x00, 0x00, 0x00, 0x00, 0x00, 0x00, 0x00, 0x00, 0x00, 0x00, 0x01, 0xf8, 0x00, 0x00, 0x00, 0x00, 0x00, 0x00, 0x0f,
    0xfe, 0x00, 0x00, 0x00, 0x00, 0x00, 0x00, 0x1f, 0xff, 0x80, 0x00, 0x00, 0x00, 0x00, 0x00, 0x3f, 0xff, 0xc0, 0x00,
    0x00, 0x00, 0x00, 0x00, 0x7f, 0xff, 0xe0, 0x00, 0x00, 0x00, 0x00, 0x00, 0xff, 0xff, 0xe0, 0x00, 0x00, 0x00, 0x00,
    0x1f, 0xff, 0xff, 0xff, 0x80, 0x00, 0x00, 0x00, 0x3f, 0xff, 0xff, 0xff, 0xc0, 0x00, 0x00, 0x00, 0x7f, 0xff, 0xff,
    0xff, 0xe0, 0x00, 0x00, 0x00, 0x7f, 0xff, 0xff, 0xff, 0xe0, 0x00, 0x00, 0x00, 0xff, 0xff, 0xff, 0xff, 0xf0, 0x00,
    0x00, 0x00, 0xff, 0xff, 0xff, 0xff, 0xf0, 0x00, 0x00, 0x00, 0xff, 0xff, 0xff, 0xff, 0xf0, 0x00, 0x00, 0x00, 0xff,
    0xff, 0xff, 0xff, 0xf0, 0x00, 0x00, 0x00, 0xff, 0xff, 0xff, 0xff, 0xf0, 0x00, 0x00, 0x00, 0x7f, 0xff, 0xff, 0xff,
    0xe0, 0x00, 0x00, 0x00, 0x7f, 0xff, 0xff, 0xff, 0xe0, 0x00, 0x00, 0x00, 0x3f, 0xff, 0xff, 0xff, 0xc0, 0x00, 0x00,
    0x00, 0x0f, 0xff, 0xff, 0xff, 0x00, 0x00, 0x00, 0x00, 0x00, 0x3f, 0xff, 0x80, 0x00, 0x00, 0x00, 0x00, 0x00, 0x1f,
    0xff, 0x00, 0x00, 0x00, 0x00, 0x00, 0x00, 0x07, 0xfc, 0x00, 0x00, 0x00, 0x00, 0x00, 0x00, 0x00, 0x00, 0x00, 0x00,
    0x00, 0x00, 0x00, 0x10, 0x00, 0x00, 0x00, 0x80, 0x00, 0x00, 0x00, 0xfc, 0x00, 0x00, 0x03, 0xf0, 0x00, 0x00, 0x00,
    0x7c, 0x00, 0x00, 0x03, 0xe0, 0x00, 0x00, 0x00, 0x7c, 0x00, 0x00, 0x03, 0xe0, 0x00, 0x00, 0x00, 0x7c, 0x20, 0x00,
    0x43, 0xe0, 0x00, 0x00, 0x00, 0x11, 0x68, 0x01, 0x60, 0x80, 0x00, 0x00, 0x00, 0x01, 0xf8, 0x01, 0xf8, 0x00, 0x00,
    0x00, 0x00, 0x00, 0xf0, 0x60, 0xf0, 0x00, 0x00, 0x00, 0x00, 0x01, 0xf9, 0xf9, 0xf8, 0x00, 0x00, 0x00, 0x00, 0x00,
    0x60, 0xf0, 0x60, 0x00, 0x00, 0x00, 0x00, 0x00, 0x01, 0xf8, 0x40, 0x00, 0x00, 0x00, 0x00, 0x00, 0x01, 0x68, 0x00,
    0x00, 0x00, 0x00, 0x00, 0x00, 0x00, 0x60, 0x00, 0x00, 0x00, 0x00, 0x00
};

static const lv_image_dsc_t qweather_403_large = {
  .header = {
    .magic = LV_IMAGE_HEADER_MAGIC,
    .cf = LV_COLOR_FORMAT_I1,
    .flags = 0,
    .w = 48,
    .h = 48,
    .stride = 8,
    .reserved_2 = 0,
  },
  .data_size = 392,
  .data = qweather_403_large_map,
  .reserved = NULL,
};

static const uint8_t qweather_404_small_map[] = {
    0xff, 0xff, 0xff, 0xff, 0x00, 0x00, 0x00, 0xff, 0x00, 0x00, 0x00, 0x00, 0x00, 0x00, 0x00, 0x00, 0x00, 0x00,
    0x00, 0x00, 0x00, 0x00, 0x00, 0x00, 0x00, 0x00, 0x00, 0x00, 0x07, 0x80, 0x00, 0x00, 0x0f, 0xe0, 0x00, 0x00,
    0x3f, 0xf8, 0x00, 0x00, 0x7f, 0xfc, 0x00, 0x00, 0xff, 0xfe, 0x00, 0x00, 0xff, 0xfe, 0x00, 0x00, 0xff, 0xfe,
    0x00, 0x00, 0x7f, 0xfc, 0x00, 0x00, 0x07, 0xc0, 0x00, 0x00, 0x00, 0x00, 0x00, 0x00, 0x00, 0x00, 0x00, 0x00,
    0x60, 0x0c, 0x00, 0x00, 0x60, 0x0c, 0x00, 0x00, 0x0c, 0x60, 0x00, 0x00, 0x04, 0x40, 0x00, 0x00
};

static const lv_image_dsc_t qweather_404_small = {
  .header = {
    .magic = LV_IMAGE_HEADER_MAGIC,
    .cf = LV_COLOR_FORMAT_I1,
    .flags = 0,
    .w = 20,
    .h = 20,
    .stride = 4,
    .reserved_2 = 0,
  },
  .data_size = 88,
  .data = qweather_404_small_map,
  .reserved = NULL,
};

static const uint8_t qweather_404_large_map[] = {
    0xff, 0xff, 0xff, 0xff, 0x00, 0x00, 0x00, 0xff, 0x00, 0x00, 0x00, 0x00, 0x00, 0x00, 0x00, 0x00, 0x00, 0x00, 0x00,
    0x00, 0x00, 0x00, 0x00, 0x00, 0x00, 0x00, 0x00, 0x00, 0x00, 0x00, 0x00, 0x00, 0x00, 0x00, 0x00, 0x00, 0x00, 0x00,
    0x00, 0x00, 0x00, 0x00, 0x00, 0x00, 0x00, 0x00, 0x00, 0x00, 0x00, 0x00, 0x00, 0x00, 0x00, 0x00, 0x00, 0x00, 0x00,
    0x00, 0x00, 0x00, 0x00, 0x00, 0x00, 0x00, 0x00, 0x00, 0x00, 0x00, 0x00, 0x00, 0x00, 0x00, 0x00, 0x00, 0x00, 0x00,
    0x00, 0x00, 0x00, 0x00, 0x00, 0x00, 0x00, 0x00, 0x00, 0x00, 0x00, 0x00, 0x00, 0x00, 0x00, 0x00, 0x00, 0x00, 0x00,
    0x00, 0x00, 0x00, 0x00, 0x00, 0x00, 0x00, 0x00, 0x00, 0x00, 0x01, 0xf8, 0x00, 0x00, 0x00, 0x00, 0x00, 0x00, 0x0f,
    0xfe, 0x00, 0x00, 0x00, 0x00, 0x00, 0x00, 0x1f, 0xff, 0x80, 0x00, 0x00, 0x00, 0x00, 0x00, 0x3f, 0xff, 0xc0, 0x00,
    0x00, 0x00, 0x00, 0x00, 0x7f, 0xff, 0xe0, 0x00, 0x00, 0x00, 0x00, 0x00, 0xff, 0xff, 0xe0, 0x00, 0x00, 0x00, 0x00,
    0x1f, 0xff, 0xff, 0xff, 0x80, 0x00, 0x00, 0x00, 0x3f, 0xff, 0xff, 0xff, 0xc0, 0x00, 0x00, 0x00, 0x7f, 0xff, 0xff,
    0xff, 0xe0, 0x00, 0x00, 0x00, 0x7f, 0xff, 0xff, 0xff, 0xe0, 0x00, 0x00, 0x00, 0xff, 0xff, 0xff, 0xff, 0xf0, 0x00,
    0x00, 0x00, 0xff, 0xff, 0xff, 0xff, 0xf0, 0x00, 0x00, 0x00, 0xff, 0xff, 0xff, 0xff, 0xf0, 0x00, 0x00, 0x00, 0xff,
    0xff, 0xff, 0xff, 0xf0, 0x00, 0x00, 0x00, 0xff, 0xff, 0xff, 0xff, 0xf0, 0x00, 0x00, 0x00, 0x7f, 0xff, 0xff, 0xff,
    0xe0, 0x00, 0x00, 0x00, 0x7f, 0xff, 0xff, 0xff, 0xe0, 0x00, 0x00, 0x00, 0x3f, 0xff, 0xff, 0xff, 0xc0, 0x00, 0x00,
    0x00, 0x0f, 0xff, 0xff, 0xff, 0x00, 0x00, 0x00, 0x00, 0x00, 0x3f, 0xff, 0x80, 0x00, 0x00, 0x00, 0x00, 0x00, 0x1f,
    0xff, 0x00, 0x00, 0x00, 0x00, 0x00, 0x00, 0x07, 0xfc, 0x00, 0x00, 0x00, 0x00, 0x00, 0x00, 0x00, 0x00, 0x00, 0x00,
    0x00, 0x00, 0x00, 0x00, 0x00, 0x00, 0x00, 0x00, 0x00, 0x00, 0x00, 0x00, 0x00, 0x00, 0x00, 0x00, 0x00, 0x00, 0x00,
    0x08, 0x00, 0x00, 0x01, 0x00, 0x00, 0x00, 0x00, 0x1c, 0x00, 0x00, 0x03, 0x80, 0x00, 0x00, 0x00, 0x1c, 0x00, 0x00,
    0x03, 0x80, 0x00, 0x00, 0x00, 0x3e, 0x00, 0x00, 0x07, 0xc0, 0x00, 0x00, 0x00, 0x3e, 0x08, 0x01, 0x07, 0xc0, 0x00,
    0x00, 0x00, 0x1c, 0x08, 0x01, 0x03, 0x80, 0x00, 0x00, 0x00, 0x00, 0x7e, 0x07, 0xe0, 0x00, 0x00, 0x00, 0x00, 0x00,
    0x3c, 0x03, 0xc0, 0x00, 0x00, 0x00, 0x00, 0x00, 0x3e, 0x07, 0xc0, 0x00, 0x00, 0x00, 0x00, 0x00, 0x3a, 0x05, 0xc0,
    0x00, 0x00, 0x00, 0x00, 0x00, 0x08, 0x01, 0x00, 0x00, 0x00, 0x00, 0x00
};

static const lv_image_dsc_t qweather_404_large = {
  .header = {
    .magic = LV_IMAGE_HEADER_MAGIC,
    .cf = LV_COLOR_FORMAT_I1,
    .flags = 0,
    .w = 48,
    .h = 48,
    .stride = 8,
    .reserved_2 = 0,
  },
  .data_size = 392,
  .data = qweather_404_large_map,
  .reserved = NULL,
};

static const uint8_t qweather_405_small_map[] = {
    0xff, 0xff, 0xff, 0xff, 0x00, 0x00, 0x00, 0xff, 0x00, 0x00, 0x00, 0x00, 0x00, 0x00, 0x00, 0x00, 0x00, 0x00,
    0x00, 0x00, 0x00, 0x00, 0x00, 0x00, 0x00, 0x00, 0x00, 0x00, 0x07, 0x80, 0x00, 0x00, 0x0f, 0xe0, 0x00, 0x00,
    0x3f, 0xf8, 0x00, 0x00, 0x7f, 0xfc, 0x00, 0x00, 0xff, 0xfe, 0x00, 0x00, 0xff, 0xfe, 0x00, 0x00, 0xff, 0xfe,
    0x00, 0x00, 0x7f, 0xfc, 0x00, 0x00, 0x07, 0xc0, 0x00, 0x00, 0x00, 0x00, 0x00, 0x00, 0x00, 0x00, 0x00, 0x00,
    0x00, 0x00, 0x00, 0x00, 0xc8, 0xc6, 0x00, 0x00, 0xc8, 0xc4, 0x00, 0x00, 0x00, 0x00, 0x00, 0x00
};

static const lv_image_dsc_t qweather_405_small = {
  .header = {
    .magic = LV_IMAGE_HEADER_MAGIC,
    .cf = LV_COLOR_FORMAT_I1,
    .flags = 0,
    .w = 20,
    .h = 20,
    .stride = 4,
    .reserved_2 = 0,
  },
  .data_size = 88,
  .data = qweather_405_small_map,
  .reserved = NULL,
};

static const uint8_t qweather_405_large_map[] = {
    0xff, 0xff, 0xff, 0xff, 0x00, 0x00, 0x00, 0xff, 0x00, 0x00, 0x00, 0x00, 0x00, 0x00, 0x00, 0x00, 0x00, 0x00, 0x00,
    0x00, 0x00, 0x00, 0x00, 0x00, 0x00, 0x00, 0x00, 0x00, 0x00, 0x00, 0x00, 0x00, 0x00, 0x00, 0x00, 0x00, 0x00, 0x00,
    0x00, 0x00, 0x00, 0x00, 0x00, 0x00, 0x00, 0x00, 0x00, 0x00, 0x00, 0x00, 0x00, 0x00, 0x00, 0x00, 0x00, 0x00, 0x00,
    0x00, 0x00, 0x00, 0x00, 0x00, 0x00, 0x00, 0x00, 0x00, 0x00, 0x00, 0x00, 0x00, 0x00, 0x00, 0x00, 0x00, 0x00, 0x00,
    0x00, 0x00, 0x00, 0x00, 0x00, 0x00, 0x00, 0x00, 0x00, 0x00, 0x00, 0x00, 0x00, 0x00, 0x00, 0x00, 0x00, 0x00, 0x00,
    0x00, 0x00, 0x00, 0x00, 0x00, 0x00, 0x00, 0x00, 0x00, 0x00, 0x01, 0xf8, 0x00, 0x00, 0x00, 0x00, 0x00, 0x00, 0x0f,
    0xfe, 0x00, 0x00, 0x00, 0x00, 0x00, 0x00, 0x1f, 0xff, 0x80, 0x00, 0x00, 0x00, 0x00, 0x00, 0x3f, 0xff, 0xc0, 0x00,
    0x00, 0x00, 0x00, 0x00, 0x7f, 0xff, 0xe0, 0x00, 0x00, 0x00, 0x00, 0x00, 0xff, 0xff, 0xe0, 0x00, 0x00, 0x00, 0x00,
    0x1f, 0xff, 0xff, 0xff, 0x80, 0x00, 0x00, 0x00, 0x3f, 0xff, 0xff, 0xff, 0xc0, 0x00, 0x00, 0x00, 0x7f, 0xff, 0xff,
    0xff, 0xe0, 0x00, 0x00, 0x00, 0x7f, 0xff, 0xff, 0xff, 0xe0, 0x00, 0x00, 0x00, 0xff, 0xff, 0xff, 0xff, 0xf0, 0x00,
    0x00, 0x00, 0xff, 0xff, 0xff, 0xff, 0xf0, 0x00, 0x00, 0x00, 0xff, 0xff, 0xff, 0xff, 0xf0, 0x00, 0x00, 0x00, 0xff,
    0xff, 0xff, 0xff, 0xf0, 0x00, 0x00, 0x00, 0xff, 0xff, 0xff, 0xff, 0xf0, 0x00, 0x00, 0x00, 0x7f, 0xff, 0xff, 0xff,
    0xe0, 0x00, 0x00, 0x00, 0x7f, 0xff, 0xff, 0xff, 0xe0, 0x00, 0x00, 0x00, 0x3f, 0xff, 0xff, 0xff, 0xc0, 0x00, 0x00,
    0x00, 0x0f, 0xff, 0xff, 0xff, 0x00, 0x00, 0x00, 0x00, 0x00, 0x3f, 0xff, 0x80, 0x00, 0x00, 0x00, 0x00, 0x00, 0x1f,
    0xff, 0x00, 0x00, 0x00, 0x00, 0x00, 0x00, 0x07, 0xfc, 0x00, 0x00, 0x00, 0x00, 0x00, 0x00, 0x00, 0x00, 0x00, 0x00,
    0x00, 0x00, 0x00, 0x00, 0x00, 0x00, 0x00, 0x00, 0x00, 0x00, 0x00, 0x00, 0x00, 0x00, 0x00, 0x00, 0x00, 0x00, 0x00,
    0x00, 0x00, 0x00, 0x00, 0x00, 0x00, 0x00, 0x00, 0x00, 0x00, 0x00, 0x00, 0x00, 0x00, 0x00, 0x00, 0x20, 0x10, 0x04,
    0x00, 0x80, 0x00, 0x00, 0x00, 0x60, 0x30, 0x1d, 0x02, 0xe0, 0x00, 0x00, 0x00, 0x70, 0x38, 0x1f, 0x03, 0xe0, 0x00,
    0x00, 0x00, 0xf0, 0x78, 0x1e, 0x01, 0xe0, 0x00, 0x00, 0x00, 0xf0, 0x78, 0x3f, 0x03, 0xf0, 0x00, 0x00, 0x00, 0xf0,
    0x78, 0x04, 0x00, 0x80, 0x00, 0x00, 0x00, 0x60, 0x30, 0x04, 0x00, 0x80, 0x00, 0x00, 0x00, 0x00, 0x00, 0x00, 0x00,
    0x00, 0x00, 0x00, 0x00, 0x00, 0x00, 0x00, 0x00, 0x00, 0x00, 0x00, 0x00
};

static const lv_image_dsc_t qweather_405_large = {
  .header = {
    .magic = LV_IMAGE_HEADER_MAGIC,
    .cf = LV_COLOR_FORMAT_I1,
    .flags = 0,
    .w = 48,
    .h = 48,
    .stride = 8,
    .reserved_2 = 0,
  },
  .data_size = 392,
  .data = qweather_405_large_map,
  .reserved = NULL,
};

static const uint8_t qweather_406_small_map[] = {
    0xff, 0xff, 0xff, 0xff, 0x00, 0x00, 0x00, 0xff, 0x00, 0x00, 0x00, 0x00, 0x00, 0x00, 0x00, 0x00, 0x00, 0x00,
    0x00, 0x00, 0x00, 0x00, 0x00, 0x00, 0x00, 0x00, 0x00, 0x00, 0x08, 0x00, 0x00, 0x00, 0x01, 0x00, 0x00, 0x00,
    0x2d, 0x00, 0x00, 0x00, 0x13, 0x80, 0x00, 0x00, 0xe7, 0xe0, 0x00, 0x00, 0x1f, 0xf8, 0x00, 0x00, 0x7f, 0xfc,
    0x00, 0x00, 0x7f, 0xfe, 0x00, 0x00, 0x7f, 0xfe, 0x00, 0x00, 0x3f, 0xfc, 0x00, 0x00, 0x07, 0xe0, 0x00, 0x00,
    0x01, 0x80, 0x00, 0x00, 0x00, 0x00, 0x00, 0x00, 0x0c, 0x60, 0x00, 0x00, 0x04, 0x20, 0x00, 0x00
};

static const lv_image_dsc_t qweather_406_small = {
  .header = {
    .magic = LV_IMAGE_HEADER_MAGIC,
    .cf = LV_COLOR_FORMAT_I1,
    .flags = 0,
    .w = 20,
    .h = 20,
    .stride = 4,
    .reserved_2 = 0,
  },
  .data_size = 88,
  .data = qweather_406_small_map,
  .reserved = NULL,
};

static const uint8_t qweather_406_large_map[] = {
    0xff, 0xff, 0xff, 0xff, 0x00, 0x00, 0x00, 0xff, 0x00, 0x00, 0x00, 0x00, 0x00, 0x00, 0x00, 0x00, 0x00, 0x00, 0x00,
    0x00, 0x00, 0x00, 0x00, 0x00, 0x00, 0x00, 0x00, 0x00, 0x00, 0x00, 0x00, 0x00, 0x00, 0x00, 0x00, 0x00, 0x00, 0x00,
    0x00, 0x00, 0x00, 0x00, 0x00, 0x00, 0x00, 0x00, 0x00, 0x00, 0x00, 0x00, 0x00, 0x00, 0x00, 0x00, 0x00, 0x00, 0x00,
    0x00, 0x00, 0x00, 0x00, 0x00, 0x00, 0x00, 0x00, 0x00, 0x00, 0x00, 0x00, 0x00, 0x00, 0x00, 0x00, 0x00, 0x00, 0x00,
    0x00, 0x00, 0x00, 0x00, 0x00, 0x00, 0x00, 0x00, 0x00, 0x00, 0x00, 0x00, 0x00, 0x00, 0x00, 0x00, 0x00, 0x00, 0x00,
    0x00, 0x00, 0x00, 0x00, 0x00, 0x00, 0x00, 0x00, 0x00, 0x00, 0x18, 0x00, 0x00, 0x00, 0x00, 0x00, 0x00, 0x00, 0x18,
    0x00, 0x00, 0x00, 0x00, 0x00, 0x00, 0x00, 0x18, 0x00, 0x00, 0x00, 0x00, 0x00, 0x00, 0x08, 0x18, 0x30, 0x00, 0x00,
    0x00, 0x00, 0x00, 0x1c, 0x00, 0x70, 0x00, 0x00, 0x00, 0x00, 0x00, 0x0e, 0x00, 0xe0, 0x00, 0x00, 0x00, 0x00, 0x00,
    0x06, 0x7e, 0x40, 0x00, 0x00, 0x00, 0x00, 0x00, 0x01, 0xfc, 0x00, 0x00, 0x00, 0x00, 0x00, 0x00, 0x01, 0xc1, 0xfe,
    0x00, 0x00, 0x00, 0x00, 0x00, 0x03, 0x87, 0xff, 0x80, 0x00, 0x00, 0x00, 0x00, 0x73, 0x0f, 0xff, 0xc0, 0x00, 0x00,
    0x00, 0x00, 0x7a, 0x1f, 0xff, 0xe0, 0x00, 0x00, 0x00, 0x00, 0x30, 0x3f, 0xff, 0xf0, 0x00, 0x00, 0x00, 0x00, 0x03,
    0xff, 0xff, 0xff, 0x00, 0x00, 0x00, 0x00, 0x0f, 0xff, 0xff, 0xff, 0xc0, 0x00, 0x00, 0x00, 0x1f, 0xff, 0xff, 0xff,
    0xe0, 0x00, 0x00, 0x00, 0x1f, 0xff, 0xff, 0xff, 0xe0, 0x00, 0x00, 0x00, 0x3f, 0xff, 0xff, 0xff, 0xf0, 0x00, 0x00,
    0x00, 0x3f, 0xff, 0xff, 0xff, 0xf0, 0x00, 0x00, 0x00, 0x3f, 0xff, 0xff, 0xff, 0xf0, 0x00, 0x00, 0x00, 0x3f, 0xff,
    0xff, 0xff, 0xf0, 0x00, 0x00, 0x00, 0x1f, 0xff, 0xff, 0xff, 0xe0, 0x00, 0x00, 0x00, 0x1f, 0xff, 0xff, 0xff, 0xe0,
    0x00, 0x00, 0x00, 0x0f, 0xff, 0xff, 0xff, 0xc0, 0x00, 0x00, 0x00, 0x03, 0xff, 0xff, 0xff, 0x00, 0x00, 0x00, 0x00,
    0x00, 0x0f, 0xff, 0xc0, 0x00, 0x00, 0x00, 0x00, 0x00, 0x07, 0xff, 0x80, 0x00, 0x00, 0x00, 0x00, 0x00, 0x01, 0xfc,
    0x00, 0x00, 0x00, 0x00, 0x00, 0x00, 0x00, 0x00, 0x00, 0x00, 0x00, 0x00, 0x00, 0x00, 0x00, 0x00, 0x00, 0x00, 0x00,
    0x00, 0x00, 0x00, 0x08, 0x00, 0xc0, 0x00, 0x00, 0x00, 0x00, 0x00, 0x1c, 0x03, 0xf0, 0x00, 0x00, 0x00, 0x00, 0x00,
    0x1c, 0x01, 0xe0, 0x00, 0x00, 0x00, 0x00, 0x00, 0x3e, 0x03, 0xf0, 0x00, 0x00, 0x00, 0x00, 0x00, 0x3e, 0x02, 0xd0,
    0x00, 0x00, 0x00, 0x00, 0x00, 0x1c, 0x00, 0xc0, 0x00, 0x00, 0x00, 0x00
};

static const lv_image_dsc_t qweather_406_large = {
  .header = {
    .magic = LV_IMAGE_HEADER_MAGIC,
    .cf = LV_COLOR_FORMAT_I1,
    .flags = 0,
    .w = 48,
    .h = 48,
    .stride = 8,
    .reserved_2 = 0,
  },
  .data_size = 392,
  .data = qweather_406_large_map,
  .reserved = NULL,
};

static const uint8_t qweather_407_small_map[] = {
    0xff, 0xff, 0xff, 0xff, 0x00, 0x00, 0x00, 0xff, 0x00, 0x00, 0x00, 0x00, 0x00, 0x00, 0x00, 0x00, 0x00, 0x00,
    0x00, 0x00, 0x00, 0x00, 0x00, 0x00, 0x00, 0x00, 0x00, 0x00, 0x08, 0x00, 0x00, 0x00, 0x01, 0x00, 0x00, 0x00,
    0x2d, 0x00, 0x00, 0x00, 0x13, 0x80, 0x00, 0x00, 0xe7, 0xe0, 0x00, 0x00, 0x1f, 0xf8, 0x00, 0x00, 0x7f, 0xfc,
    0x00, 0x00, 0x7f, 0xfe, 0x00, 0x00, 0x7f, 0xfe, 0x00, 0x00, 0x3f, 0xfc, 0x00, 0x00, 0x07, 0xe0, 0x00, 0x00,
    0x01, 0x80, 0x00, 0x00, 0x00, 0x00, 0x00, 0x00, 0x06, 0x60, 0x00, 0x00, 0x04, 0x20, 0x00, 0x00
};

static const lv_image_dsc_t qweather_407_small = {
  .header = {
    .magic = LV_IMAGE_HEADER_MAGIC,
    .cf = LV_COLOR_FORMAT_I1,
    .flags = 0,
    .w = 20,
    .h = 20,
    .stride = 4,
    .reserved_2 = 0,
  },
  .data_size = 88,
  .data = qweather_407_small_map,
  .reserved = NULL,
};

static const uint8_t qweather_407_large_map[] = {
    0xff, 0xff, 0xff, 0xff, 0x00, 0x00, 0x00, 0xff, 0x00, 0x00, 0x00, 0x00, 0x00, 0x00, 0x00, 0x00, 0x00, 0x00, 0x00,
    0x00, 0x00, 0x00, 0x00, 0x00, 0x00, 0x00, 0x00, 0x00, 0x00, 0x00, 0x00, 0x00, 0x00, 0x00, 0x00, 0x00, 0x00, 0x00,
    0x00, 0x00, 0x00, 0x00, 0x00, 0x00, 0x00, 0x00, 0x00, 0x00, 0x00, 0x00, 0x00, 0x00, 0x00, 0x00, 0x00, 0x00, 0x00,
    0x00, 0x00, 0x00, 0x00, 0x00, 0x00, 0x00, 0x00, 0x00, 0x00, 0x00, 0x00, 0x00, 0x00, 0x00, 0x00, 0x00, 0x00, 0x00,
    0x00, 0x00, 0x00, 0x00, 0x00, 0x00, 0x00, 0x00, 0x00, 0x00, 0x00, 0x00, 0x00, 0x00, 0x00, 0x00, 0x00, 0x00, 0x00,
    0x00, 0x00, 0x00, 0x00, 0x00, 0x00, 0x00, 0x00, 0x00, 0x00, 0x18, 0x00, 0x00, 0x00, 0x00, 0x00, 0x00, 0x00, 0x18,
    0x00, 0x00, 0x00, 0x00, 0x00, 0x00, 0x00, 0x18, 0x00, 0x00, 0x00, 0x00, 0x00, 0x00, 0x08, 0x18, 0x30, 0x00, 0x00,
    0x00, 0x00, 0x00, 0x1c, 0x00, 0x70, 0x00, 0x00, 0x00, 0x00, 0x00, 0x0e, 0x00, 0xe0, 0x00, 0x00, 0x00, 0x00, 0x00,
    0x06, 0x7e, 0x40, 0x00, 0x00, 0x00, 0x00, 0x00, 0x01, 0xfc, 0x00, 0x00, 0x00, 0x00, 0x00, 0x00, 0x01, 0xc1, 0xfe,
    0x00, 0x00, 0x00, 0x00, 0x00, 0x03, 0x87, 0xff, 0x80, 0x00, 0x00, 0x00, 0x00, 0x73, 0x0f, 0xff, 0xc0, 0x00, 0x00,
    0x00, 0x00, 0x7a, 0x1f, 0xff, 0xe0, 0x00, 0x00, 0x00, 0x00, 0x30, 0x3f, 0xff, 0xf0, 0x00, 0x00, 0x00, 0x00, 0x03,
    0xff, 0xff, 0xff, 0x00, 0x00, 0x00, 0x00, 0x0f, 0xff, 0xff, 0xff, 0xc0, 0x00, 0x00, 0x00, 0x1f, 0xff, 0xff, 0xff,
    0xe0, 0x00, 0x00, 0x00, 0x1f, 0xff, 0xff, 0xff, 0xe0, 0x00, 0x00, 0x00, 0x3f, 0xff, 0xff, 0xff, 0xf0, 0x00, 0x00,
    0x00, 0x3f, 0xff, 0xff, 0xff, 0xf0, 0x00, 0x00, 0x00, 0x3f, 0xff, 0xff, 0xff, 0xf0, 0x00, 0x00, 0x00, 0x3f, 0xff,
    0xff, 0xff, 0xf0, 0x00, 0x00, 0x00, 0x1f, 0xff, 0xff, 0xff, 0xe0, 0x00, 0x00, 0x00, 0x1f, 0xff, 0xff, 0xff, 0xe0,
    0x00, 0x00, 0x00, 0x0f, 0xff, 0xff, 0xff, 0xc0, 0x00, 0x00, 0x00, 0x03, 0xff, 0xff, 0xff, 0x00, 0x00, 0x00, 0x00,
    0x00, 0x0f, 0xff, 0xc0, 0x00, 0x00, 0x00, 0x00, 0x00, 0x07, 0xff, 0x80, 0x00, 0x00, 0x00, 0x00, 0x00, 0x01, 0xfc,
    0x00, 0x00, 0x00, 0x00, 0x00, 0x00, 0x00, 0x00, 0x00, 0x00, 0x00, 0x00, 0x00, 0x00, 0x04, 0x00, 0x80, 0x00, 0x00,
    0x00, 0x00, 0x00, 0x04, 0x00, 0xc0, 0x00, 0x00, 0x00, 0x00, 0x00, 0x1f, 0x03, 0xf0, 0x00, 0x00, 0x00, 0x00, 0x00,
    0x1f, 0x01, 0xe0, 0x00, 0x00, 0x00, 0x00, 0x00, 0x1f, 0x03, 0xf0, 0x00, 0x00, 0x00, 0x00, 0x00, 0x15, 0x02, 0xe0,
    0x00, 0x00, 0x00, 0x00, 0x00, 0x04, 0x00, 0x80, 0x00, 0x00, 0x00, 0x00
};

static const lv_image_dsc_t qweather_407_large = {
  .header = {
    .magic = LV_IMAGE_HEADER_MAGIC,
    .cf = LV_COLOR_FORMAT_I1,
    .flags = 0,
    .w = 48,
    .h = 48,
    .stride = 8,
    .reserved_2 = 0,
  },
  .data_size = 392,
  .data = qweather_407_large_map,
  .reserved = NULL,
};

static const uint8_t qweather_408_small_map[] = {
    0xff, 0xff, 0xff, 0xff, 0x00, 0x00, 0x00, 0xff, 0x00, 0x00, 0x00, 0x00, 0x00, 0x00, 0x00, 0x00, 0x00, 0x00,
    0x00, 0x00, 0x00, 0x00, 0x00, 0x00, 0x00, 0x00, 0x00, 0x00, 0x01, 0x00, 0x00, 0x00, 0x0f, 0xe0, 0x00, 0x00,
    0x1f, 0xf0, 0x00, 0x00, 0x7f, 0xfc, 0x00, 0x00, 0x7f, 0xfc, 0x00, 0x00, 0xff, 0xfe, 0x00, 0x00, 0x8d, 0x62,
    0x00, 0x00, 0x01, 0x00, 0x00, 0x00, 0x01, 0x18, 0x00, 0x00, 0x01, 0x18, 0x00, 0x00, 0x31, 0x00, 0x00, 0x00,
    0x11, 0x00, 0x00, 0x00, 0x01, 0x18, 0x00, 0x00, 0x01, 0x10, 0x00, 0x00, 0x01, 0x00, 0x00, 0x00
};

static const lv_image_dsc_t qweather_408_small = {
  .header = {
    .magic = LV_IMAGE_HEADER_MAGIC,
    .cf = LV_COLOR_FORMAT_I1,
    .flags = 0,
    .w = 20,
    .h = 20,
    .stride = 4,
    .reserved_2 = 0,
  },
  .data_size = 88,
  .data = qweather_408_small_map,
  .reserved = NULL,
};

static const uint8_t qweather_408_large_map[] = {
    0xff, 0xff, 0xff, 0xff, 0x00, 0x00, 0x00, 0xff, 0x00, 0x00, 0x00, 0x00, 0x00, 0x00, 0x00, 0x00, 0x00, 0x00, 0x00,
    0x00, 0x00, 0x00, 0x00, 0x00, 0x00, 0x00, 0x00, 0x00, 0x00, 0x00, 0x00, 0x00, 0x00, 0x00, 0x00, 0x00, 0x00, 0x00,
    0x00, 0x00, 0x00, 0x00, 0x00, 0x00, 0x00, 0x00, 0x00, 0x00, 0x00, 0x00, 0x00, 0x00, 0x00, 0x00, 0x00, 0x00, 0x00,
    0x00, 0x00, 0x00, 0x00, 0x00, 0x00, 0x00, 0x00, 0x00, 0x00, 0x00, 0x00, 0x00, 0x00, 0x00, 0x00, 0x00, 0x00, 0x00,
    0x00, 0x00, 0x00, 0x00, 0x00, 0x00, 0x00, 0x00, 0x00, 0x00, 0x00, 0x00, 0x00, 0x00, 0x00, 0x00, 0x00, 0x00, 0x00,
    0x00, 0x00, 0x00, 0x00, 0x00, 0x00, 0x00, 0x00, 0x00, 0x00, 0x00, 0x60, 0x00, 0x00, 0x00, 0x00, 0x00, 0x00, 0x00,
    0xf0, 0x00, 0x00, 0x00, 0x00, 0x00, 0x00, 0x01, 0xf8, 0x00, 0x00, 0x00, 0x00, 0x00, 0x00, 0x1f, 0xff, 0x80, 0x00,
    0x00, 0x00, 0x00, 0x00, 0x7f, 0xff, 0xe0, 0x00, 0x00, 0x00, 0x00, 0x01, 0xff, 0xff, 0xf8, 0x00, 0x00, 0x00, 0x00,
    0x07, 0xff, 0xff, 0xfe, 0x00, 0x00, 0x00, 0x00, 0x0f, 0xff, 0xff, 0xff, 0x00, 0x00, 0x00, 0x00, 0x1f, 0xff, 0xff,
    0xff, 0x80, 0x00, 0x00, 0x00, 0x1f, 0xff, 0xff, 0xff, 0x80, 0x00, 0x00, 0x00, 0x3f, 0xff, 0xff, 0xff, 0xc0, 0x00,
    0x00, 0x00, 0x7f, 0xff, 0xff, 0xff, 0xe0, 0x00, 0x00, 0x00, 0x7f, 0xff, 0xff, 0xff, 0xe0, 0x00, 0x00, 0x00, 0x7f,
    0xff, 0xff, 0xff, 0xe0, 0x00, 0x00, 0x00, 0xff, 0xff, 0xff, 0xff, 0xf0, 0x00, 0x00, 0x00, 0xe0, 0x7e, 0x67, 0xe0,
    0x70, 0x00, 0x00, 0x00, 0x00, 0x18, 0x61, 0x80, 0x00, 0x00, 0x00, 0x00, 0x00, 0x00, 0x60, 0x00, 0x00, 0x00, 0x00,
    0x00, 0x00, 0x00, 0x60, 0x18, 0x00, 0x00, 0x00, 0x00, 0x00, 0x00, 0x60, 0x5a, 0x00, 0x00, 0x00, 0x00, 0x00, 0x00,
    0x60, 0x7e, 0x00, 0x00, 0x00, 0x00, 0x00, 0x00, 0x60, 0x3c, 0x00, 0x00, 0x00, 0x00, 0x00, 0x00, 0x60, 0x7e, 0x00,
    0x00, 0x00, 0x00, 0x01, 0x80, 0x60, 0x18, 0x00, 0x00, 0x00, 0x00, 0x07, 0xe0, 0x60, 0x08, 0x00, 0x00, 0x00, 0x00,
    0x03, 0xc0, 0x60, 0x00, 0x00, 0x00, 0x00, 0x00, 0x07, 0xc0, 0x60, 0x00, 0x00, 0x00, 0x00, 0x00, 0x07, 0xe0, 0x60,
    0x08, 0x00, 0x00, 0x00, 0x00, 0x01, 0x80, 0x60, 0x5a, 0x00, 0x00, 0x00, 0x00, 0x00, 0x00, 0x60, 0x7e, 0x00, 0x00,
    0x00, 0x00, 0x00, 0x00, 0x60, 0x3c, 0x00, 0x00, 0x00, 0x00, 0x00, 0x00, 0x60, 0x7e, 0x00, 0x00, 0x00, 0x00, 0x00,
    0x00, 0x60, 0x18, 0x00, 0x00, 0x00, 0x00, 0x00, 0x00, 0x60, 0x08, 0x00, 0x00, 0x00, 0x00, 0x00, 0x00, 0x60, 0x00,
    0x00, 0x00, 0x00, 0x00, 0x00, 0x00, 0x60, 0x00, 0x00, 0x00, 0x00, 0x00
};

static const lv_image_dsc_t qweather_408_large = {
  .header = {
    .magic = LV_IMAGE_HEADER_MAGIC,
    .cf = LV_COLOR_FORMAT_I1,
    .flags = 0,
    .w = 48,
    .h = 48,
    .stride = 8,
    .reserved_2 = 0,
  },
  .data_size = 392,
  .data = qweather_408_large_map,
  .reserved = NULL,
};

static const uint8_t qweather_409_small_map[] = {
    0xff, 0xff, 0xff, 0xff, 0x00, 0x00, 0x00, 0xff, 0x00, 0x00, 0x00, 0x00, 0x00, 0x00, 0x00, 0x00, 0x00, 0x00,
    0x00, 0x00, 0x00, 0x00, 0x00, 0x00, 0x00, 0x00, 0x00, 0x00, 0x01, 0x00, 0x00, 0x00, 0x0f, 0xe0, 0x00, 0x00,
    0x1f, 0xf0, 0x00, 0x00, 0x7f, 0xfc, 0x00, 0x00, 0x7f, 0xfc, 0x00, 0x00, 0xff, 0xfe, 0x00, 0x00, 0x8d, 0x62,
    0x00, 0x00, 0x01, 0x00, 0x00, 0x00, 0x01, 0x00, 0x00, 0x00, 0xcd, 0x66, 0x00, 0x00, 0x4d, 0x64, 0x00, 0x00,
    0x01, 0x00, 0x00, 0x00, 0x01, 0x18, 0x00, 0x00, 0x01, 0x10, 0x00, 0x00, 0x01, 0x00, 0x00, 0x00
};

static const lv_image_dsc_t qweather_409_small = {
  .header = {
    .magic = LV_IMAGE_HEADER_MAGIC,
    .cf = LV_COLOR_FORMAT_I1,
    .flags = 0,
    .w = 20,
    .h = 20,
    .stride = 4,
    .reserved_2 = 0,
  },
  .data_size = 88,
  .data = qweather_409_small_map,
  .reserved = NULL,
};

static const uint8_t qweather_409_large_map[] = {
    0xff, 0xff, 0xff, 0xff, 0x00, 0x00, 0x00, 0xff, 0x00, 0x00, 0x00, 0x00, 0x00, 0x00, 0x00, 0x00, 0x00, 0x00, 0x00,
    0x00, 0x00, 0x00, 0x00, 0x00, 0x00, 0x00, 0x00, 0x00, 0x00, 0x00, 0x00, 0x00, 0x00, 0x00, 0x00, 0x00, 0x00, 0x00,
    0x00, 0x00, 0x00, 0x00, 0x00, 0x00, 0x00, 0x00, 0x00, 0x00, 0x00, 0x00, 0x00, 0x00, 0x00, 0x00, 0x00, 0x00, 0x00,
    0x00, 0x00, 0x00, 0x00, 0x00, 0x00, 0x00, 0x00, 0x00, 0x00, 0x00, 0x00, 0x00, 0x00, 0x00, 0x00, 0x00, 0x00, 0x00,
    0x00, 0x00, 0x00, 0x00, 0x00, 0x00, 0x00, 0x00, 0x00, 0x00, 0x00, 0x00, 0x00, 0x00, 0x00, 0x00, 0x00, 0x00, 0x00,
    0x00, 0x00, 0x00, 0x00, 0x00, 0x00, 0x00, 0x00, 0x00, 0x00, 0x00, 0x60, 0x00, 0x00, 0x00, 0x00, 0x00, 0x00, 0x00,
    0xf0, 0x00, 0x00, 0x00, 0x00, 0x00, 0x00, 0x01, 0xf8, 0x00, 0x00, 0x00, 0x00, 0x00, 0x00, 0x1f, 0xff, 0x80, 0x00,
    0x00, 0x00, 0x00, 0x00, 0x7f, 0xff, 0xe0, 0x00, 0x00, 0x00, 0x00, 0x01, 0xff, 0xff, 0xf8, 0x00, 0x00, 0x00, 0x00,
    0x07, 0xff, 0xff, 0xfe, 0x00, 0x00, 0x00, 0x00, 0x0f, 0xff, 0xff, 0xff, 0x00, 0x00, 0x00, 0x00, 0x1f, 0xff, 0xff,
    0xff, 0x80, 0x00, 0x00, 0x00, 0x1f, 0xff, 0xff, 0xff, 0x80, 0x00, 0x00, 0x00, 0x3f, 0xff, 0xff, 0xff, 0xc0, 0x00,
    0x00, 0x00, 0x7f, 0xff, 0xff, 0xff, 0xe0, 0x00, 0x00, 0x00, 0x7f, 0xff, 0xff, 0xff, 0xe0, 0x00, 0x00, 0x00, 0x7f,
    0xff, 0xff, 0xff, 0xe0, 0x00, 0x00, 0x00, 0xff, 0xff, 0xff, 0xff, 0xf0, 0x00, 0x00, 0x00, 0xe0, 0x7e, 0x67, 0xe0,
    0x70, 0x00, 0x00, 0x00, 0x00, 0x18, 0x61, 0x80, 0x00, 0x00, 0x00, 0x00, 0x00, 0x00, 0x60, 0x00, 0x00, 0x00, 0x00,
    0x00, 0x00, 0x00, 0x60, 0x00, 0x00, 0x00, 0x00, 0x00, 0x00, 0x00, 0x60, 0x00, 0x00, 0x00, 0x00, 0x00, 0x10, 0x08,
    0x61, 0x00, 0x80, 0x00, 0x00, 0x00, 0x10, 0x08, 0x61, 0x00, 0x80, 0x00, 0x00, 0x00, 0xfc, 0x7e, 0x67, 0xe3, 0xf0,
    0x00, 0x00, 0x00, 0x78, 0x3c, 0x63, 0xc1, 0xe0, 0x00, 0x00, 0x00, 0x7c, 0x3e, 0x67, 0xc3, 0xe0, 0x00, 0x00, 0x00,
    0x74, 0x3a, 0x65, 0xc2, 0xe0, 0x00, 0x00, 0x00, 0x10, 0x08, 0x61, 0x00, 0x80, 0x00, 0x00, 0x00, 0x00, 0x00, 0x60,
    0x08, 0x00, 0x00, 0x00, 0x00, 0x00, 0x00, 0x60, 0x5a, 0x00, 0x00, 0x00, 0x00, 0x00, 0x00, 0x60, 0x7e, 0x00, 0x00,
    0x00, 0x00, 0x00, 0x00, 0x60, 0x3c, 0x00, 0x00, 0x00, 0x00, 0x00, 0x00, 0x60, 0x7e, 0x00, 0x00, 0x00, 0x00, 0x00,
    0x00, 0x60, 0x18, 0x00, 0x00, 0x00, 0x00, 0x00, 0x00, 0x60, 0x08, 0x00, 0x00, 0x00, 0x00, 0x00, 0x00, 0x60, 0x00,
    0x00, 0x00, 0x00, 0x00, 0x00, 0x00, 0x60, 0x00, 0x00, 0x00, 0x00, 0x00
};

static const lv_image_dsc_t qweather_409_large = {
  .header = {
    .magic = LV_IMAGE_HEADER_MAGIC,
    .cf = LV_COLOR_FORMAT_I1,
    .flags = 0,
    .w = 48,
    .h = 48,
    .stride = 8,
    .reserved_2 = 0,
  },
  .data_size = 392,
  .data = qweather_409_large_map,
  .reserved = NULL,
};

static const uint8_t qweather_410_small_map[] = {
    0xff, 0xff, 0xff, 0xff, 0x00, 0x00, 0x00, 0xff, 0x00, 0x00, 0x00, 0x00, 0x00, 0x00, 0x00, 0x00, 0x00, 0x00,
    0x00, 0x00, 0x00, 0x00, 0x00, 0x00, 0x00, 0x00, 0x00, 0x00, 0x01, 0x00, 0x00, 0x00, 0x0f, 0xe0, 0x00, 0x00,
    0x1f, 0xf0, 0x00, 0x00, 0x7f, 0xfc, 0x00, 0x00, 0x7f, 0xfc, 0x00, 0x00, 0xff, 0xfe, 0x00, 0x00, 0x8d, 0x62,
    0x00, 0x00, 0x01, 0x00, 0x00, 0x00, 0x01, 0x44, 0x00, 0x00, 0xcd, 0x66, 0x00, 0x00, 0x4d, 0x00, 0x00, 0x00,
    0x01, 0x00, 0x00, 0x00, 0x31, 0x64, 0x00, 0x00, 0x11, 0x66, 0x00, 0x00, 0x01, 0x00, 0x00, 0x00
};

static const lv_image_dsc_t qweather_410_small = {
  .header = {
    .magic = LV_IMAGE_HEADER_MAGIC,
    .cf = LV_COLOR_FORMAT_I1,
    .flags = 0,
    .w = 20,
    .h = 20,
    .stride = 4,
    .reserved_2 = 0,
  },
  .data_size = 88,
  .data = qweather_410_small_map,
  .reserved = NULL,
};

static const uint8_t qweather_410_large_map[] = {
    0xff, 0xff, 0xff, 0xff, 0x00, 0x00, 0x00, 0xff, 0x00, 0x00, 0x00, 0x00, 0x00, 0x00, 0x00, 0x00, 0x00, 0x00, 0x00,
    0x00, 0x00, 0x00, 0x00, 0x00, 0x00, 0x00, 0x00, 0x00, 0x00, 0x00, 0x00, 0x00, 0x00, 0x00, 0x00, 0x00, 0x00, 0x00,
    0x00, 0x00, 0x00, 0x00, 0x00, 0x00, 0x00, 0x00, 0x00, 0x00, 0x00, 0x00, 0x00, 0x00, 0x00, 0x00, 0x00, 0x00, 0x00,
    0x00, 0x00, 0x00, 0x00, 0x00, 0x00, 0x00, 0x00, 0x00, 0x00, 0x00, 0x00, 0x00, 0x00, 0x00, 0x00, 0x00, 0x00, 0x00,
    0x00, 0x00, 0x00, 0x00, 0x00, 0x00, 0x00, 0x00, 0x00, 0x00, 0x00, 0x00, 0x00, 0x00, 0x00, 0x00, 0x00, 0x00, 0x00,
    0x00, 0x00, 0x00, 0x00, 0x00, 0x00, 0x00, 0x00, 0x00, 0x00, 0x00, 0x60, 0x00, 0x00, 0x00, 0x00, 0x00, 0x00, 0x00,
    0xf0, 0x00, 0x00, 0x00, 0x00, 0x00, 0x00, 0x01, 0xf8, 0x00, 0x00, 0x00, 0x00, 0x00, 0x00, 0x1f, 0xff, 0x80, 0x00,
    0x00, 0x00, 0x00, 0x00, 0x7f, 0xff, 0xe0, 0x00, 0x00, 0x00, 0x00, 0x01, 0xff, 0xff, 0xf8, 0x00, 0x00, 0x00, 0x00,
    0x07, 0xff, 0xff, 0xfe, 0x00, 0x00, 0x00, 0x00, 0x0f, 0xff, 0xff, 0xff, 0x00, 0x00, 0x00, 0x00, 0x1f, 0xff, 0xff,
    0xff, 0x80, 0x00, 0x00, 0x00, 0x1f, 0xff, 0xff, 0xff, 0x80, 0x00, 0x00, 0x00, 0x3f, 0xff, 0xff, 0xff, 0xc0, 0x00,
    0x00, 0x00, 0x7f, 0xff, 0xff, 0xff, 0xe0, 0x00, 0x00, 0x00, 0x7f, 0xff, 0xff, 0xff, 0xe0, 0x00, 0x00, 0x00, 0x7f,
    0xff, 0xff, 0xff, 0xe0, 0x00, 0x00, 0x00, 0xff, 0xff, 0xff, 0xff, 0xf0, 0x00, 0x00, 0x00, 0xe0, 0x7e, 0x67, 0xe0,
    0x70, 0x00, 0x00, 0x00, 0x00, 0x18, 0x61, 0x80, 0x00, 0x00, 0x00, 0x00, 0x00, 0x00, 0x60, 0x00, 0x00, 0x00, 0x00,
    0x00, 0x00, 0x00, 0x60, 0x00, 0x00, 0x00, 0x00, 0x00, 0x00, 0x00, 0x61, 0x00, 0x80, 0x00, 0x00, 0x00, 0x10, 0x08,
    0x61, 0x00, 0x80, 0x00, 0x00, 0x00, 0x10, 0x08, 0x67, 0xe3, 0xf0, 0x00, 0x00, 0x00, 0xfc, 0x7e, 0x63, 0xc1, 0xe0,
    0x00, 0x00, 0x00, 0x78, 0x3c, 0x67, 0xe3, 0xf0, 0x00, 0x00, 0x00, 0x7c, 0x3e, 0x65, 0x02, 0x80, 0x00, 0x00, 0x00,
    0x74, 0x3a, 0x61, 0x00, 0x80, 0x00, 0x00, 0x00, 0x10, 0x08, 0x60, 0x00, 0x00, 0x00, 0x00, 0x00, 0x01, 0x00, 0x60,
    0x00, 0x00, 0x00, 0x00, 0x00, 0x05, 0x80, 0x61, 0x00, 0x80, 0x00, 0x00, 0x00, 0x07, 0xe0, 0x65, 0x02, 0x80, 0x00,
    0x00, 0x00, 0x03, 0xc0, 0x67, 0xe3, 0xf0, 0x00, 0x00, 0x00, 0x07, 0xe0, 0x63, 0xc1, 0xe0, 0x00, 0x00, 0x00, 0x01,
    0x80, 0x67, 0xe3, 0xf0, 0x00, 0x00, 0x00, 0x00, 0x00, 0x65, 0x02, 0x80, 0x00, 0x00, 0x00, 0x00, 0x00, 0x61, 0x00,
    0x80, 0x00, 0x00, 0x00, 0x00, 0x00, 0x60, 0x00, 0x00, 0x00, 0x00, 0x00
};

static const lv_image_dsc_t qweather_410_large = {
  .header = {
    .magic = LV_IMAGE_HEADER_MAGIC,
    .cf = LV_COLOR_FORMAT_I1,
    .flags = 0,
    .w = 48,
    .h = 48,
    .stride = 8,
    .reserved_2 = 0,
  },
  .data_size = 392,
  .data = qweather_410_large_map,
  .reserved = NULL,
};

static const uint8_t qweather_499_small_map[] = {
    0xff, 0xff, 0xff, 0xff, 0x00, 0x00, 0x00, 0xff, 0x00, 0x00, 0x00, 0x00, 0x00, 0x00, 0x00, 0x00, 0x00, 0x00,
    0x00, 0x00, 0x00, 0x00, 0x00, 0x00, 0x00, 0x00, 0x00, 0x00, 0x01, 0x00, 0x00, 0x00, 0x03, 0x80, 0x00, 0x00,
    0x01, 0x00, 0x00, 0x00, 0x21, 0x00, 0x00, 0x00, 0x71, 0x1c, 0x00, 0x00, 0x7f, 0xfc, 0x00, 0x00, 0x07, 0xc0,
    0x00, 0x00, 0x07, 0xc0, 0x00, 0x00, 0x07, 0xc0, 0x00, 0x00, 0x7f, 0xfc, 0x00, 0x00, 0x71, 0x1c, 0x00, 0x00,
    0x01, 0x00, 0x00, 0x00, 0x01, 0x00, 0x00, 0x00, 0x03, 0x80, 0x00, 0x00, 0x01, 0x00, 0x00, 0x00
};

static const lv_image_dsc_t qweather_499_small = {
  .header = {
    .magic = LV_IMAGE_HEADER_MAGIC,
    .cf = LV_COLOR_FORMAT_I1,
    .flags = 0,
    .w = 20,
    .h = 20,
    .stride = 4,
    .reserved_2 = 0,
  },
  .data_size = 88,
  .data = qweather_499_small_map,
  .reserved = NULL,
};

static const uint8_t qweather_499_large_map[] = {
    0xff, 0xff, 0xff, 0xff, 0x00, 0x00, 0x00, 0xff, 0x00, 0x00, 0x00, 0x00, 0x00, 0x00, 0x00, 0x00, 0x00, 0x00, 0x00,
    0x00, 0x00, 0x00, 0x00, 0x00, 0x00, 0x00, 0x00, 0x00, 0x00, 0x00, 0x00, 0x00, 0x00, 0x00, 0x00, 0x00, 0x00, 0x00,
    0x00, 0x00, 0x00, 0x00, 0x00, 0x00, 0x00, 0x00, 0x00, 0x00, 0x00, 0x00, 0x00, 0x00, 0x00, 0x00, 0x00, 0x00, 0x00,
    0x00, 0x00, 0x00, 0x00, 0x00, 0x00, 0x00, 0x00, 0x00, 0x00, 0x00, 0x00, 0x00, 0x00, 0x00, 0x00, 0x00, 0x00, 0x00,
    0x00, 0x00, 0x00, 0x00, 0x00, 0x00, 0x00, 0x00, 0x00, 0x00, 0x00, 0x00, 0x00, 0x00, 0x00, 0x00, 0x00, 0x00, 0x00,
    0x00, 0x00, 0x00, 0x00, 0x00, 0x00, 0x00, 0x00, 0x00, 0x00, 0x00, 0x60, 0x00, 0x00, 0x00, 0x00, 0x00, 0x00, 0x00,
    0x60, 0x00, 0x00, 0x00, 0x00, 0x00, 0x00, 0x02, 0x64, 0x00, 0x00, 0x00, 0x00, 0x00, 0x00, 0x03, 0x6c, 0x00, 0x00,
    0x00, 0x00, 0x00, 0x00, 0x03, 0xfc, 0x00, 0x00, 0x00, 0x00, 0x00, 0x00, 0x01, 0xf8, 0x00, 0x00, 0x00, 0x00, 0x00,
    0x00, 0x00, 0xf0, 0x00, 0x00, 0x00, 0x00, 0x00, 0x03, 0x00, 0x60, 0x0c, 0x00, 0x00, 0x00, 0x00, 0x13, 0x00, 0x60,
    0x0c, 0x80, 0x00, 0x00, 0x00, 0x3f, 0x80, 0x60, 0x1f, 0xc0, 0x00, 0x00, 0x00, 0x1f, 0x80, 0x60, 0x1f, 0x80, 0x00,
    0x00, 0x00, 0x0f, 0x80, 0xf0, 0x1f, 0x00, 0x00, 0x00, 0x00, 0x0f, 0xe3, 0xfc, 0x7f, 0x80, 0x00, 0x00, 0x00, 0x1f,
    0xff, 0xff, 0xff, 0x80, 0x00, 0x00, 0x00, 0x18, 0x3f, 0xff, 0xc1, 0x80, 0x00, 0x00, 0x00, 0x00, 0x1f, 0xff, 0x80,
    0x00, 0x00, 0x00, 0x00, 0x00, 0x1f, 0xff, 0x80, 0x00, 0x00, 0x00, 0x00, 0x00, 0x1f, 0xff, 0x80, 0x00, 0x00, 0x00,
    0x00, 0x00, 0x1f, 0xff, 0x80, 0x00, 0x00, 0x00, 0x00, 0x00, 0x1f, 0xff, 0x80, 0x00, 0x00, 0x00, 0x00, 0x00, 0x1f,
    0xff, 0x80, 0x00, 0x00, 0x00, 0x00, 0x18, 0x3f, 0xff, 0xc1, 0x80, 0x00, 0x00, 0x00, 0x1f, 0xff, 0xff, 0xff, 0x80,
    0x00, 0x00, 0x00, 0x1f, 0xe3, 0xfc, 0x7f, 0x00, 0x00, 0x00, 0x00, 0x0f, 0x80, 0xf0, 0x1f, 0x00, 0x00, 0x00, 0x00,
    0x1f, 0x80, 0x60, 0x1f, 0x80, 0x00, 0x00, 0x00, 0x3f, 0x80, 0x60, 0x1f, 0xc0, 0x00, 0x00, 0x00, 0x03, 0x00, 0x60,
    0x0c, 0x00, 0x00, 0x00, 0x00, 0x03, 0x00, 0x60, 0x0c, 0x00, 0x00, 0x00, 0x00, 0x00, 0x00, 0xf0, 0x00, 0x00, 0x00,
    0x00, 0x00, 0x00, 0x01, 0xf8, 0x00, 0x00, 0x00, 0x00, 0x00, 0x00, 0x03, 0xfc, 0x00, 0x00, 0x00, 0x00, 0x00, 0x00,
    0x03, 0x6c, 0x00, 0x00, 0x00, 0x00, 0x00, 0x00, 0x02, 0x64, 0x00, 0x00, 0x00, 0x00, 0x00, 0x00, 0x00, 0x60, 0x00,
    0x00, 0x00, 0x00, 0x00, 0x00, 0x00, 0x60, 0x00, 0x00, 0x00, 0x00, 0x00
};

static const lv_image_dsc_t qweather_499_large = {
  .header = {
    .magic = LV_IMAGE_HEADER_MAGIC,
    .cf = LV_COLOR_FORMAT_I1,
    .flags = 0,
    .w = 48,
    .h = 48,
    .stride = 8,
    .reserved_2 = 0,
  },
  .data_size = 392,
  .data = qweather_499_large_map,
  .reserved = NULL,
};

static const uint8_t qweather_500_small_map[] = {
    0xff, 0xff, 0xff, 0xff, 0x00, 0x00, 0x00, 0xff, 0x00, 0x00, 0x00, 0x00, 0x00, 0x00, 0x00, 0x00, 0x00, 0x00,
    0x00, 0x00, 0x00, 0x00, 0x00, 0x00, 0x00, 0x00, 0x00, 0x00, 0x07, 0x80, 0x00, 0x00, 0x0f, 0xe0, 0x00, 0x00,
    0x3f, 0xf8, 0x00, 0x00, 0x7f, 0xfc, 0x00, 0x00, 0xff, 0xfe, 0x00, 0x00, 0xff, 0xfe, 0x00, 0x00, 0xff, 0xfe,
    0x00, 0x00, 0x7f, 0xfc, 0x00, 0x00, 0x07, 0xc0, 0x00, 0x00, 0x00, 0x00, 0x00, 0x00, 0x00, 0x00, 0x00, 0x00,
    0x0f, 0xfe, 0x00, 0x00, 0x00, 0x00, 0x00, 0x00, 0xff, 0xe0, 0x00, 0x00, 0x00, 0x00, 0x00, 0x00
};

static const lv_image_dsc_t qweather_500_small = {
  .header = {
    .magic = LV_IMAGE_HEADER_MAGIC,
    .cf = LV_COLOR_FORMAT_I1,
    .flags = 0,
    .w = 20,
    .h = 20,
    .stride = 4,
    .reserved_2 = 0,
  },
  .data_size = 88,
  .data = qweather_500_small_map,
  .reserved = NULL,
};

static const uint8_t qweather_500_large_map[] = {
    0xff, 0xff, 0xff, 0xff, 0x00, 0x00, 0x00, 0xff, 0x00, 0x00, 0x00, 0x00, 0x00, 0x00, 0x00, 0x00, 0x00, 0x00, 0x00,
    0x00, 0x00, 0x00, 0x00, 0x00, 0x00, 0x00, 0x00, 0x00, 0x00, 0x00, 0x00, 0x00, 0x00, 0x00, 0x00, 0x00, 0x00, 0x00,
    0x00, 0x00, 0x00, 0x00, 0x00, 0x00, 0x00, 0x00, 0x00, 0x00, 0x00, 0x00, 0x00, 0x00, 0x00, 0x00, 0x00, 0x00, 0x00,
    0x00, 0x00, 0x00, 0x00, 0x00, 0x00, 0x00, 0x00, 0x00, 0x00, 0x00, 0x00, 0x00, 0x00, 0x00, 0x00, 0x00, 0x00, 0x00,
    0x00, 0x00, 0x00, 0x00, 0x00, 0x00, 0x00, 0x00, 0x00, 0x00, 0x00, 0x00, 0x00, 0x00, 0x00, 0x00, 0x00, 0x00, 0x00,
    0x00, 0x00, 0x00, 0x00, 0x00, 0x00, 0x00, 0x00, 0x00, 0x00, 0x01, 0xf8, 0x00, 0x00, 0x00, 0x00, 0x00, 0x00, 0x0f,
    0xfe, 0x00, 0x00, 0x00, 0x00, 0x00, 0x00, 0x1f, 0xff, 0x80, 0x00, 0x00, 0x00, 0x00, 0x00, 0x3f, 0xff, 0xc0, 0x00,
    0x00, 0x00, 0x00, 0x00, 0x7f, 0xff, 0xe0, 0x00, 0x00, 0x00, 0x00, 0x00, 0xff, 0xff, 0xe0, 0x00, 0x00, 0x00, 0x00,
    0x1f, 0xff, 0xff, 0xff, 0x80, 0x00, 0x00, 0x00, 0x3f, 0xff, 0xff, 0xff, 0xc0, 0x00, 0x00, 0x00, 0x7f, 0xff, 0xff,
    0xff, 0xe0, 0x00, 0x00, 0x00, 0x7f, 0xff, 0xff, 0xff, 0xe0, 0x00, 0x00, 0x00, 0xff, 0xff, 0xff, 0xff, 0xf0, 0x00,
    0x00, 0x00, 0xff, 0xff, 0xff, 0xff, 0xf0, 0x00, 0x00, 0x00, 0xff, 0xff, 0xff, 0xff, 0xf0, 0x00, 0x00, 0x00, 0xff,
    0xff, 0xff, 0xff, 0xf0, 0x00, 0x00, 0x00, 0xff, 0xff, 0xff, 0xff, 0xf0, 0x00, 0x00, 0x00, 0x7f, 0xff, 0xff, 0xff,
    0xe0, 0x00, 0x00, 0x00, 0x7f, 0xff, 0xff, 0xff, 0xe0, 0x00, 0x00, 0x00, 0x3f, 0xff, 0xff, 0xff, 0xc0, 0x00, 0x00,
    0x00, 0x0f, 0xff, 0xff, 0xff, 0x00, 0x00, 0x00, 0x00, 0x00, 0x3f, 0xff, 0x80, 0x00, 0x00, 0x00, 0x00, 0x00, 0x1f,
    0xff, 0x00, 0x00, 0x00, 0x00, 0x00, 0x00, 0x07, 0xfc, 0x00, 0x00, 0x00, 0x00, 0x00, 0x00, 0x00, 0x00, 0x00, 0x00,
    0x00, 0x00, 0x00, 0x00, 0x00, 0x00, 0x00, 0x00, 0x00, 0x00, 0x00, 0x00, 0x00, 0x00, 0x00, 0x00, 0x00, 0x00, 0x00,
    0x00, 0x00, 0x00, 0x00, 0x00, 0x00, 0x00, 0x00, 0x00, 0x00, 0x00, 0x00, 0x00, 0x00, 0x00, 0x00, 0x00, 0x7f, 0xff,
    0xff, 0xf0, 0x00, 0x00, 0x00, 0x00, 0x7f, 0xff, 0xff, 0xf0, 0x00, 0x00, 0x00, 0x00, 0x00, 0x00, 0x00, 0x00, 0x00,
    0x00, 0x00, 0x00, 0x00, 0x00, 0x00, 0x00, 0x00, 0x00, 0x00, 0x00, 0x00, 0x00, 0x00, 0x00, 0x00, 0x00, 0x00, 0xff,
    0xff, 0xff, 0xe0, 0x00, 0x00, 0x00, 0x00, 0x7f, 0xff, 0xff, 0xc0, 0x00, 0x00, 0x00, 0x00, 0x00, 0x00, 0x00, 0x00,
    0x00, 0x00, 0x00, 0x00, 0x00, 0x00, 0x00, 0x00, 0x00, 0x00, 0x00, 0x00
};

static const lv_image_dsc_t qweather_500_large = {
  .header = {
    .magic = LV_IMAGE_HEADER_MAGIC,
    .cf = LV_COLOR_FORMAT_I1,
    .flags = 0,
    .w = 48,
    .h = 48,
    .stride = 8,
    .reserved_2 = 0,
  },
  .data_size = 392,
  .data = qweather_500_large_map,
  .reserved = NULL,
};

static const uint8_t qweather_501_small_map[] = {
    0xff, 0xff, 0xff, 0xff, 0x00, 0x00, 0x00, 0xff, 0x00, 0x00, 0x00, 0x00, 0x00, 0x00, 0x00, 0x00, 0x00, 0x00,
    0x00, 0x00, 0x00, 0x00, 0x00, 0x00, 0x00, 0x00, 0x00, 0x00, 0x07, 0x80, 0x00, 0x00, 0x0f, 0xe0, 0x00, 0x00,
    0x3f, 0xf8, 0x00, 0x00, 0x7f, 0xfc, 0x00, 0x00, 0xff, 0xfe, 0x00, 0x00, 0xff, 0xfe, 0x00, 0x00, 0xff, 0xfe,
    0x00, 0x00, 0x7f, 0xfc, 0x00, 0x00, 0x07, 0xc0, 0x00, 0x00, 0x00, 0x00, 0x00, 0x00, 0xff, 0x80, 0x00, 0x00,
    0x00, 0x00, 0x00, 0x00, 0x1c, 0xfe, 0x00, 0x00, 0x00, 0x00, 0x00, 0x00, 0x0f, 0xf8, 0x00, 0x00
};

static const lv_image_dsc_t qweather_501_small = {
  .header = {
    .magic = LV_IMAGE_HEADER_MAGIC,
    .cf = LV_COLOR_FORMAT_I1,
    .flags = 0,
    .w = 20,
    .h = 20,
    .stride = 4,
    .reserved_2 = 0,
  },
  .data_size = 88,
  .data = qweather_501_small_map,
  .reserved = NULL,
};

static const uint8_t qweather_501_large_map[] = {
    0xff, 0xff, 0xff, 0xff, 0x00, 0x00, 0x00, 0xff, 0x00, 0x00, 0x00, 0x00, 0x00, 0x00, 0x00, 0x00, 0x00, 0x00, 0x00,
    0x00, 0x00, 0x00, 0x00, 0x00, 0x00, 0x00, 0x00, 0x00, 0x00, 0x00, 0x00, 0x00, 0x00, 0x00, 0x00, 0x00, 0x00, 0x00,
    0x00, 0x00, 0x00, 0x00, 0x00, 0x00, 0x00, 0x00, 0x00, 0x00, 0x00, 0x00, 0x00, 0x00, 0x00, 0x00, 0x00, 0x00, 0x00,
    0x00, 0x00, 0x00, 0x00, 0x00, 0x00, 0x00, 0x00, 0x00, 0x00, 0x00, 0x00, 0x00, 0x00, 0x00, 0x00, 0x00, 0x00, 0x00,
    0x00, 0x00, 0x00, 0x00, 0x00, 0x00, 0x00, 0x00, 0x00, 0x00, 0x00, 0x00, 0x00, 0x00, 0x00, 0x00, 0x00, 0x00, 0x00,
    0x00, 0x00, 0x00, 0x00, 0x00, 0x00, 0x00, 0x00, 0x00, 0x00, 0x01, 0xf8, 0x00, 0x00, 0x00, 0x00, 0x00, 0x00, 0x0f,
    0xfe, 0x00, 0x00, 0x00, 0x00, 0x00, 0x00, 0x1f, 0xff, 0x80, 0x00, 0x00, 0x00, 0x00, 0x00, 0x3f, 0xff, 0xc0, 0x00,
    0x00, 0x00, 0x00, 0x00, 0x7f, 0xff, 0xe0, 0x00, 0x00, 0x00, 0x00, 0x00, 0xff, 0xff, 0xe0, 0x00, 0x00, 0x00, 0x00,
    0x1f, 0xff, 0xff, 0xff, 0x80, 0x00, 0x00, 0x00, 0x3f, 0xff, 0xff, 0xff, 0xc0, 0x00, 0x00, 0x00, 0x7f, 0xff, 0xff,
    0xff, 0xe0, 0x00, 0x00, 0x00, 0x7f, 0xff, 0xff, 0xff, 0xe0, 0x00, 0x00, 0x00, 0xff, 0xff, 0xff, 0xff, 0xf0, 0x00,
    0x00, 0x00, 0xff, 0xff, 0xff, 0xff, 0xf0, 0x00, 0x00, 0x00, 0xff, 0xff, 0xff, 0xff, 0xf0, 0x00, 0x00, 0x00, 0xff,
    0xff, 0xff, 0xff, 0xf0, 0x00, 0x00, 0x00, 0xff, 0xff, 0xff, 0xff, 0xf0, 0x00, 0x00, 0x00, 0x7f, 0xff, 0xff, 0xff,
    0xe0, 0x00, 0x00, 0x00, 0x7f, 0xff, 0xff, 0xff, 0xe0, 0x00, 0x00, 0x00, 0x3f, 0xff, 0xff, 0xff, 0xc0, 0x00, 0x00,
    0x00, 0x0f, 0xff, 0xff, 0xff, 0x00, 0x00, 0x00, 0x00, 0x00, 0x3f, 0xff, 0x80, 0x00, 0x00, 0x00, 0x00, 0x00, 0x1f,
    0xff, 0x00, 0x00, 0x00, 0x00, 0x00, 0x00, 0x07, 0xfc, 0x00, 0x00, 0x00, 0x00, 0x00, 0x00, 0x00, 0x00, 0x00, 0x00,
    0x00, 0x00, 0x00, 0x00, 0x00, 0x00, 0x00, 0x00, 0x00, 0x00, 0x00, 0x00, 0x00, 0x00, 0x00, 0x00, 0x00, 0x00, 0x00,
    0xff, 0xff, 0xfc, 0x00, 0x00, 0x00, 0x00, 0x00, 0xff, 0xff, 0xfc, 0x00, 0x00, 0x00, 0x00, 0x00, 0x00, 0x00, 0x00,
    0x00, 0x00, 0x00, 0x00, 0x00, 0x00, 0x00, 0x00, 0x00, 0x00, 0x00, 0x00, 0x00, 0x01, 0xfe, 0x1f, 0xff, 0xe0, 0x00,
    0x00, 0x00, 0x01, 0xff, 0x3f, 0xff, 0xf0, 0x00, 0x00, 0x00, 0x00, 0xfe, 0x1f, 0xff, 0xe0, 0x00, 0x00, 0x00, 0x00,
    0x00, 0x00, 0x00, 0x00, 0x00, 0x00, 0x00, 0x00, 0x00, 0x00, 0x00, 0x00, 0x00, 0x00, 0x00, 0x00, 0x7f, 0xff, 0xfe,
    0x00, 0x00, 0x00, 0x00, 0x00, 0x7f, 0xff, 0xfe, 0x00, 0x00, 0x00, 0x00
};

static const lv_image_dsc_t qweather_501_large = {
  .header = {
    .magic = LV_IMAGE_HEADER_MAGIC,
    .cf = LV_COLOR_FORMAT_I1,
    .flags = 0,
    .w = 48,
    .h = 48,
    .stride = 8,
    .reserved_2 = 0,
  },
  .data_size = 392,
  .data = qweather_501_large_map,
  .reserved = NULL,
};

static const uint8_t qweather_502_small_map[] = {
    0xff, 0xff, 0xff, 0xff, 0x00, 0x00, 0x00, 0xff, 0x00, 0x00, 0x00, 0x00, 0x00, 0x00, 0x00, 0x00, 0x00, 0x00,
    0x00, 0x00, 0x00, 0x00, 0x00, 0x00, 0x00, 0x00, 0x00, 0x00, 0x00, 0x00, 0x00, 0x00, 0x00, 0x00, 0x00, 0x00,
    0x00, 0x00, 0x00, 0x00, 0x00, 0x00, 0x00, 0x00, 0x30, 0x18, 0x00, 0x00, 0x7c, 0x7c, 0x00, 0x00, 0xfe, 0xfe,
    0x00, 0x00, 0xff, 0xfe, 0x00, 0x00, 0xfe, 0xfe, 0x00, 0x00, 0x7c, 0x7c, 0x00, 0x00, 0x30, 0x18, 0x00, 0x00,
    0x00, 0x00, 0x00, 0x00, 0x00, 0x00, 0x00, 0x00, 0x00, 0x00, 0x00, 0x00, 0x00, 0x00, 0x00, 0x00
};

static const lv_image_dsc_t qweather_502_small = {
  .header = {
    .magic = LV_IMAGE_HEADER_MAGIC,
    .cf = LV_COLOR_FORMAT_I1,
    .flags = 0,
    .w = 20,
    .h = 20,
    .stride = 4,
    .reserved_2 = 0,
  },
  .data_size = 88,
  .data = qweather_502_small_map,
  .reserved = NULL,
};

static const uint8_t qweather_502_large_map[] = {
    0xff, 0xff, 0xff, 0xff, 0x00, 0x00, 0x00, 0xff, 0x00, 0x00, 0x00, 0x00, 0x00, 0x00, 0x00, 0x00, 0x00, 0x00, 0x00,
    0x00, 0x00, 0x00, 0x00, 0x00, 0x00, 0x00, 0x00, 0x00, 0x00, 0x00, 0x00, 0x00, 0x00, 0x00, 0x00, 0x00, 0x00, 0x00,
    0x00, 0x00, 0x00, 0x00, 0x00, 0x00, 0x00, 0x00, 0x00, 0x00, 0x00, 0x00, 0x00, 0x00, 0x00, 0x00, 0x00, 0x00, 0x00,
    0x00, 0x00, 0x00, 0x00, 0x00, 0x00, 0x00, 0x00, 0x00, 0x00, 0x00, 0x00, 0x00, 0x00, 0x00, 0x00, 0x00, 0x00, 0x00,
    0x00, 0x00, 0x00, 0x00, 0x00, 0x00, 0x00, 0x00, 0x00, 0x00, 0x00, 0x00, 0x00, 0x00, 0x00, 0x00, 0x00, 0x00, 0x00,
    0x00, 0x00, 0x00, 0x00, 0x00, 0x00, 0x00, 0x00, 0x00, 0x00, 0x00, 0x00, 0x00, 0x00, 0x00, 0x00, 0x00, 0x00, 0x00,
    0x00, 0x00, 0x00, 0x00, 0x00, 0x00, 0x00, 0x00, 0x00, 0x00, 0x00, 0x00, 0x00, 0x00, 0x00, 0x00, 0x00, 0x00, 0x00,
    0x00, 0x00, 0x00, 0x00, 0x00, 0x00, 0x00, 0x00, 0x00, 0x00, 0x00, 0x00, 0x00, 0x00, 0x00, 0x00, 0x00, 0x00, 0x00,
    0x00, 0x00, 0x00, 0x00, 0x00, 0x00, 0x00, 0x00, 0x00, 0x00, 0x00, 0x00, 0x00, 0x00, 0x00, 0x00, 0x00, 0x00, 0x00,
    0x00, 0x00, 0x00, 0x00, 0x00, 0x00, 0x00, 0x00, 0x00, 0x00, 0x00, 0x00, 0x00, 0x07, 0xc0, 0x00, 0x3c, 0x00, 0x00,
    0x00, 0x00, 0x1f, 0xf0, 0x00, 0xff, 0x00, 0x00, 0x00, 0x00, 0x3f, 0xfc, 0x03, 0xff, 0xc0, 0x00, 0x00, 0x00, 0x7f,
    0xfe, 0x07, 0xff, 0xc0, 0x00, 0x00, 0x00, 0x7f, 0xff, 0x0f, 0xff, 0xe0, 0x00, 0x00, 0x00, 0xff, 0xff, 0x9f, 0xff,
    0xe0, 0x00, 0x00, 0x00, 0xff, 0xff, 0xff, 0xff, 0xf0, 0x00, 0x00, 0x00, 0xff, 0xff, 0xff, 0xff, 0xf0, 0x00, 0x00,
    0x00, 0xff, 0xff, 0xff, 0xff, 0xf0, 0x00, 0x00, 0x00, 0xff, 0xff, 0xff, 0xff, 0xf0, 0x00, 0x00, 0x00, 0xff, 0xff,
    0x9f, 0xff, 0xe0, 0x00, 0x00, 0x00, 0x7f, 0xff, 0x0f, 0xff, 0xe0, 0x00, 0x00, 0x00, 0x3f, 0xfe, 0x07, 0xff, 0xc0,
    0x00, 0x00, 0x00, 0x3f, 0xf8, 0x03, 0xff, 0xc0, 0x00, 0x00, 0x00, 0x0f, 0xf0, 0x00, 0xff, 0x00, 0x00, 0x00, 0x00,
    0x03, 0x80, 0x00, 0x1c, 0x00, 0x00, 0x00, 0x00, 0x00, 0x00, 0x00, 0x00, 0x00, 0x00, 0x00, 0x00, 0x00, 0x00, 0x00,
    0x00, 0x00, 0x00, 0x00, 0x00, 0x00, 0x00, 0x00, 0x00, 0x00, 0x00, 0x00, 0x00, 0x00, 0x00, 0x00, 0x00, 0x00, 0x00,
    0x00, 0x00, 0x00, 0x00, 0x00, 0x00, 0x00, 0x00, 0x00, 0x00, 0x00, 0x00, 0x00, 0x00, 0x00, 0x00, 0x00, 0x00, 0x00,
    0x00, 0x00, 0x00, 0x00, 0x00, 0x00, 0x00, 0x00, 0x00, 0x00, 0x00, 0x00, 0x00, 0x00, 0x00, 0x00, 0x00, 0x00, 0x00,
    0x00, 0x00, 0x00, 0x00, 0x00, 0x00, 0x00, 0x00, 0x00, 0x00, 0x00, 0x00
};

static const lv_image_dsc_t qweather_502_large = {
  .header = {
    .magic = LV_IMAGE_HEADER_MAGIC,
    .cf = LV_COLOR_FORMAT_I1,
    .flags = 0,
    .w = 48,
    .h = 48,
    .stride = 8,
    .reserved_2 = 0,
  },
  .data_size = 392,
  .data = qweather_502_large_map,
  .reserved = NULL,
};

static const uint8_t qweather_503_small_map[] = {
    0xff, 0xff, 0xff, 0xff, 0x00, 0x00, 0x00, 0xff, 0x00, 0x00, 0x00, 0x00, 0x00, 0x00, 0x00, 0x00, 0x00, 0x00,
    0x00, 0x00, 0x00, 0x00, 0x00, 0x00, 0x00, 0x00, 0x00, 0x00, 0x00, 0x00, 0x00, 0x00, 0x11, 0x00, 0x00, 0x00,
    0x00, 0x08, 0x00, 0x00, 0x04, 0x0e, 0x00, 0x00, 0x00, 0x4e, 0x00, 0x00, 0x20, 0x0e, 0x00, 0x00, 0x04, 0x3c,
    0x00, 0x00, 0x00, 0xf8, 0x00, 0x00, 0x1f, 0xcc, 0x00, 0x00, 0x00, 0x1c, 0x00, 0x00, 0x40, 0x78, 0x00, 0x00,
    0x03, 0xd8, 0x00, 0x00, 0x00, 0x30, 0x00, 0x00, 0x21, 0xe0, 0x00, 0x00, 0x00, 0x00, 0x00, 0x00
};

static const lv_image_dsc_t qweather_503_small = {
  .header = {
    .magic = LV_IMAGE_HEADER_MAGIC,
    .cf = LV_COLOR_FORMAT_I1,
    .flags = 0,
    .w = 20,
    .h = 20,
    .stride = 4,
    .reserved_2 = 0,
  },
  .data_size = 88,
  .data = qweather_503_small_map,
  .reserved = NULL,
};

static const uint8_t qweather_503_large_map[] = {
    0xff, 0xff, 0xff, 0xff, 0x00, 0x00, 0x00, 0xff, 0x00, 0x00, 0x00, 0x00, 0x00, 0x00, 0x00, 0x00, 0x00, 0x00, 0x00,
    0x00, 0x00, 0x00, 0x00, 0x00, 0x00, 0x00, 0x00, 0x00, 0x00, 0x00, 0x00, 0x00, 0x00, 0x00, 0x00, 0x00, 0x00, 0x00,
    0x00, 0x00, 0x00, 0x00, 0x00, 0x00, 0x00, 0x00, 0x00, 0x00, 0x00, 0x00, 0x00, 0x00, 0x00, 0x00, 0x00, 0x00, 0x00,
    0x00, 0x00, 0x00, 0x00, 0x00, 0x00, 0x00, 0x00, 0x00, 0x00, 0x00, 0x00, 0x00, 0x00, 0x00, 0x00, 0x00, 0x00, 0x00,
    0x00, 0x00, 0x00, 0x00, 0x00, 0x00, 0x00, 0x00, 0x00, 0x00, 0x00, 0x00, 0x00, 0x00, 0x00, 0x00, 0x00, 0x00, 0x00,
    0x00, 0x00, 0x00, 0x00, 0x00, 0x00, 0x00, 0x00, 0x00, 0x00, 0x00, 0x00, 0x00, 0x00, 0x00, 0x00, 0x00, 0x00, 0x00,
    0x00, 0x00, 0x00, 0x00, 0x00, 0x00, 0x00, 0x80, 0x40, 0x00, 0x00, 0x00, 0x00, 0x00, 0x01, 0xc0, 0xe0, 0x60, 0x00,
    0x00, 0x00, 0x00, 0x01, 0xc0, 0xe0, 0x3c, 0x00, 0x00, 0x00, 0x00, 0x00, 0x80, 0x40, 0x1f, 0x00, 0x00, 0x00, 0x00,
    0x00, 0x00, 0x00, 0x0f, 0x80, 0x00, 0x00, 0x00, 0x00, 0x0c, 0x00, 0x07, 0xc0, 0x00, 0x00, 0x00, 0x00, 0x1e, 0x00,
    0x07, 0xe0, 0x00, 0x00, 0x00, 0x00, 0x0c, 0x06, 0x07, 0xf0, 0x00, 0x00, 0x00, 0x00, 0x00, 0x0f, 0x07, 0xf0, 0x00,
    0x00, 0x00, 0x06, 0x00, 0x06, 0x07, 0xf0, 0x00, 0x00, 0x00, 0x07, 0x00, 0x00, 0x0f, 0xf0, 0x00, 0x00, 0x00, 0x07,
    0x00, 0x00, 0x0f, 0xe0, 0x00, 0x00, 0x00, 0x02, 0x1c, 0x00, 0x1f, 0xe0, 0x00, 0x00, 0x00, 0x00, 0x1e, 0x00, 0x7f,
    0xc0, 0x00, 0x00, 0x00, 0x00, 0x0c, 0x01, 0xff, 0x80, 0x00, 0x00, 0x00, 0x00, 0x00, 0x07, 0xff, 0x00, 0x00, 0x00,
    0x00, 0x00, 0x00, 0x7f, 0xff, 0x00, 0x00, 0x00, 0x00, 0x3e, 0xff, 0xff, 0xef, 0x80, 0x00, 0x00, 0x00, 0x03, 0xff,
    0xfe, 0x0f, 0x80, 0x00, 0x00, 0x00, 0x00, 0x00, 0x00, 0x0f, 0x80, 0x00, 0x00, 0x00, 0x00, 0x00, 0x00, 0x1f, 0x80,
    0x00, 0x00, 0x00, 0x38, 0x18, 0x00, 0x3f, 0x00, 0x00, 0x00, 0x00, 0x3c, 0x08, 0x00, 0xfe, 0x00, 0x00, 0x00, 0x00,
    0x18, 0x00, 0x03, 0xfc, 0x00, 0x00, 0x00, 0x00, 0x00, 0x00, 0x3f, 0xfc, 0x00, 0x00, 0x00, 0x00, 0x00, 0x3f, 0xff,
    0x9c, 0x00, 0x00, 0x00, 0x00, 0x00, 0x00, 0x00, 0x3c, 0x00, 0x00, 0x00, 0x00, 0x00, 0x00, 0x00, 0x7c, 0x00, 0x00,
    0x00, 0x00, 0x00, 0x00, 0x00, 0xf8, 0x00, 0x00, 0x00, 0x00, 0x00, 0x00, 0x03, 0xf0, 0x00, 0x00, 0x00, 0x00, 0x07,
    0x00, 0x7f, 0xc0, 0x00, 0x00, 0x00, 0x00, 0x07, 0x01, 0xfc, 0x00, 0x00, 0x00, 0x00, 0x00, 0x06, 0x00, 0x00, 0x00,
    0x00, 0x00, 0x00, 0x00, 0x00, 0x00, 0x00, 0x00, 0x00, 0x00, 0x00, 0x00
};

static const lv_image_dsc_t qweather_503_large = {
  .header = {
    .magic = LV_IMAGE_HEADER_MAGIC,
    .cf = LV_COLOR_FORMAT_I1,
    .flags = 0,
    .w = 48,
    .h = 48,
    .stride = 8,
    .reserved_2 = 0,
  },
  .data_size = 392,
  .data = qweather_503_large_map,
  .reserved = NULL,
};

static const uint8_t qweather_504_small_map[] = {
    0xff, 0xff, 0xff, 0xff, 0x00, 0x00, 0x00, 0xff, 0x00, 0x00, 0x00, 0x00, 0x00, 0x00, 0x00, 0x00, 0x00, 0x00,
    0x00, 0x00, 0x00, 0x00, 0x00, 0x00, 0x00, 0x00, 0x00, 0x00, 0x00, 0x00, 0x00, 0x00, 0x00, 0x00, 0x00, 0x00,
    0x60, 0x18, 0x00, 0x00, 0x40, 0x8c, 0x00, 0x00, 0x00, 0x8e, 0x00, 0x00, 0x0c, 0x0e, 0x00, 0x00, 0x00, 0x0e,
    0x00, 0x00, 0x00, 0x1e, 0x00, 0x00, 0x00, 0x3c, 0x00, 0x00, 0x00, 0xf8, 0x00, 0x00, 0x3f, 0xe0, 0x00, 0x00,
    0x00, 0x00, 0x00, 0x00, 0x00, 0x40, 0x00, 0x00, 0x02, 0xe0, 0x00, 0x00, 0x00, 0x00, 0x00, 0x00
};

static const lv_image_dsc_t qweather_504_small = {
  .header = {
    .magic = LV_IMAGE_HEADER_MAGIC,
    .cf = LV_COLOR_FORMAT_I1,
    .flags = 0,
    .w = 20,
    .h = 20,
    .stride = 4,
    .reserved_2 = 0,
  },
  .data_size = 88,
  .data = qweather_504_small_map,
  .reserved = NULL,
};

static const uint8_t qweather_504_large_map[] = {
    0xff, 0xff, 0xff, 0xff, 0x00, 0x00, 0x00, 0xff, 0x00, 0x00, 0x00, 0x00, 0x00, 0x00, 0x00, 0x00, 0x00, 0x00, 0x00,
    0x00, 0x00, 0x00, 0x00, 0x00, 0x00, 0x00, 0x00, 0x00, 0x00, 0x00, 0x00, 0x00, 0x00, 0x00, 0x00, 0x00, 0x00, 0x00,
    0x00, 0x00, 0x00, 0x00, 0x00, 0x00, 0x00, 0x00, 0x00, 0x00, 0x00, 0x00, 0x00, 0x00, 0x00, 0x00, 0x00, 0x00, 0x00,
    0x00, 0x00, 0x00, 0x00, 0x00, 0x00, 0x00, 0x00, 0x00, 0x00, 0x00, 0x00, 0x00, 0x00, 0x00, 0x00, 0x00, 0x00, 0x00,
    0x00, 0x00, 0x00, 0x00, 0x00, 0x00, 0x00, 0x00, 0x00, 0x00, 0x00, 0x00, 0x00, 0x00, 0x00, 0x00, 0x00, 0x00, 0x00,
    0x00, 0x00, 0x00, 0x00, 0x00, 0x00, 0x00, 0x00, 0x00, 0x00, 0x00, 0x00, 0x00, 0x00, 0x00, 0x00, 0x00, 0x00, 0x00,
    0x00, 0x00, 0x00, 0x00, 0x00, 0x00, 0x00, 0x02, 0x00, 0x00, 0x00, 0x00, 0x00, 0x00, 0x00, 0x03, 0x00, 0xc0, 0x00,
    0x00, 0x00, 0x00, 0x00, 0x00, 0x00, 0x38, 0x00, 0x00, 0x00, 0x00, 0x1c, 0x00, 0x00, 0x1c, 0x00, 0x00, 0x00, 0x00,
    0x3e, 0x00, 0x00, 0x0f, 0x00, 0x00, 0x00, 0x00, 0x3e, 0x00, 0x1c, 0x0f, 0x80, 0x00, 0x00, 0x00, 0x1c, 0x00, 0x3c,
    0x07, 0xc0, 0x00, 0x00, 0x00, 0x00, 0x00, 0x3c, 0x07, 0xc0, 0x00, 0x00, 0x00, 0x00, 0x00, 0x1c, 0x07, 0xe0, 0x00,
    0x00, 0x00, 0x00, 0x30, 0x00, 0x07, 0xe0, 0x00, 0x00, 0x00, 0x00, 0x78, 0x00, 0x07, 0xf0, 0x00, 0x00, 0x00, 0x00,
    0x78, 0x00, 0x07, 0xf0, 0x00, 0x00, 0x00, 0x00, 0x78, 0x00, 0x07, 0xf0, 0x00, 0x00, 0x00, 0x00, 0x30, 0x00, 0x0f,
    0xf0, 0x00, 0x00, 0x00, 0x00, 0x00, 0xc0, 0x0f, 0xf0, 0x00, 0x00, 0x00, 0x00, 0x00, 0xc0, 0x1f, 0xe0, 0x00, 0x00,
    0x00, 0x04, 0x00, 0x00, 0x3f, 0xe0, 0x00, 0x00, 0x00, 0x06, 0x00, 0x00, 0x7f, 0xc0, 0x00, 0x00, 0x00, 0x00, 0x00,
    0x00, 0xff, 0x80, 0x00, 0x00, 0x00, 0x00, 0x00, 0x03, 0xff, 0x00, 0x00, 0x00, 0x00, 0x00, 0x00, 0x1f, 0xfe, 0x00,
    0x00, 0x00, 0x00, 0x00, 0x00, 0xff, 0xf8, 0x00, 0x00, 0x00, 0x00, 0x3e, 0xff, 0xff, 0xe0, 0x00, 0x00, 0x00, 0x00,
    0x07, 0xff, 0xff, 0x00, 0x00, 0x00, 0x00, 0x00, 0x00, 0x7f, 0xf0, 0x00, 0x00, 0x00, 0x00, 0x00, 0x00, 0x00, 0x00,
    0x03, 0x00, 0x00, 0x00, 0x00, 0x00, 0x00, 0x00, 0x07, 0x80, 0x00, 0x00, 0x00, 0x00, 0x00, 0x03, 0x03, 0x00, 0x00,
    0x00, 0x00, 0x00, 0x00, 0x07, 0x80, 0x00, 0x00, 0x00, 0x00, 0x00, 0x00, 0x0f, 0xc0, 0x00, 0x00, 0x00, 0x00, 0x00,
    0x03, 0x8f, 0xc0, 0x00, 0x00, 0x00, 0x00, 0x00, 0x03, 0x87, 0x80, 0x00, 0x00, 0x00, 0x00, 0x00, 0x03, 0x03, 0x00,
    0x00, 0x00, 0x00, 0x00, 0x00, 0x00, 0x00, 0x00, 0x00, 0x00, 0x00, 0x00
};

static const lv_image_dsc_t qweather_504_large = {
  .header = {
    .magic = LV_IMAGE_HEADER_MAGIC,
    .cf = LV_COLOR_FORMAT_I1,
    .flags = 0,
    .w = 48,
    .h = 48,
    .stride = 8,
    .reserved_2 = 0,
  },
  .data_size = 392,
  .data = qweather_504_large_map,
  .reserved = NULL,
};

static const uint8_t qweather_507_small_map[] = {
    0xff, 0xff, 0xff, 0xff, 0x00, 0x00, 0x00, 0xff, 0x00, 0x00, 0x00, 0x00, 0x00, 0x00, 0x00, 0x00, 0x00, 0x00,
    0x00, 0x00, 0x00, 0x00, 0x00, 0x00, 0x00, 0x00, 0x00, 0x00, 0x03, 0xc0, 0x00, 0x00, 0x0f, 0xe0, 0x00, 0x00,
    0x0c, 0x60, 0x00, 0x00, 0x0c, 0x00, 0x00, 0x00, 0x0c, 0x00, 0x00, 0x00, 0x0e, 0x00, 0x00, 0x00, 0x07, 0x84,
    0x00, 0x00, 0xff, 0xfe, 0x00, 0x00, 0x00, 0xf4, 0x00, 0x00, 0x00, 0x70, 0x00, 0x00, 0x00, 0x30, 0x00, 0x00,
    0x10, 0x30, 0x00, 0x00, 0x18, 0x70, 0x00, 0x00, 0x0f, 0xe0, 0x00, 0x00, 0x07, 0xc0, 0x00, 0x00
};

static const lv_image_dsc_t qweather_507_small = {
  .header = {
    .magic = LV_IMAGE_HEADER_MAGIC,
    .cf = LV_COLOR_FORMAT_I1,
    .flags = 0,
    .w = 20,
    .h = 20,
    .stride = 4,
    .reserved_2 = 0,
  },
  .data_size = 88,
  .data = qweather_507_small_map,
  .reserved = NULL,
};

static const uint8_t qweather_507_large_map[] = {
    0xff, 0xff, 0xff, 0xff, 0x00, 0x00, 0x00, 0xff, 0x00, 0x00, 0x00, 0x00, 0x00, 0x00, 0x00, 0x00, 0x00, 0x00, 0x00,
    0x00, 0x00, 0x00, 0x00, 0x00, 0x00, 0x00, 0x00, 0x00, 0x00, 0x00, 0x00, 0x00, 0x00, 0x00, 0x00, 0x00, 0x00, 0x00,
    0x00, 0x00, 0x00, 0x00, 0x00, 0x00, 0x00, 0x00, 0x00, 0x00, 0x00, 0x00, 0x00, 0x00, 0x00, 0x00, 0x00, 0x00, 0x00,
    0x00, 0x00, 0x00, 0x00, 0x00, 0x00, 0x00, 0x00, 0x00, 0x00, 0x00, 0x00, 0x00, 0x00, 0x00, 0x00, 0x00, 0x00, 0x00,
    0x00, 0x00, 0x00, 0x00, 0x00, 0x00, 0x00, 0x00, 0x00, 0x00, 0x00, 0x00, 0x00, 0x00, 0x00, 0x00, 0x00, 0x00, 0x00,
    0x00, 0x00, 0x00, 0x00, 0x00, 0x00, 0x00, 0x00, 0x00, 0x00, 0x01, 0xfc, 0x00, 0x00, 0x00, 0x00, 0x00, 0x00, 0x0f,
    0xff, 0x00, 0x00, 0x00, 0x00, 0x00, 0x00, 0x1f, 0xff, 0x80, 0x00, 0x00, 0x00, 0x00, 0x00, 0x3f, 0xff, 0xe0, 0x00,
    0x00, 0x00, 0x00, 0x00, 0x3f, 0x0f, 0xe0, 0x00, 0x00, 0x00, 0x00, 0x00, 0x7c, 0x03, 0xf0, 0x00, 0x00, 0x00, 0x00,
    0x00, 0x7c, 0x01, 0xe0, 0x00, 0x00, 0x00, 0x00, 0x00, 0x78, 0x00, 0x00, 0x00, 0x00, 0x00, 0x00, 0x00, 0x78, 0x00,
    0x00, 0x00, 0x00, 0x00, 0x00, 0x00, 0x78, 0x00, 0x00, 0x00, 0x00, 0x00, 0x00, 0x00, 0x7c, 0x00, 0x00, 0x00, 0x00,
    0x00, 0x00, 0x00, 0x7e, 0x00, 0x00, 0x00, 0x00, 0x00, 0x00, 0x00, 0x3f, 0x00, 0x00, 0x00, 0x00, 0x00, 0x00, 0x00,
    0x1f, 0x80, 0x00, 0x00, 0x00, 0x00, 0x00, 0x00, 0x0f, 0xe0, 0x00, 0x00, 0x00, 0x00, 0x00, 0x00, 0x07, 0xf0, 0x01,
    0xc0, 0x00, 0x00, 0x00, 0x7f, 0xff, 0xff, 0xff, 0xe0, 0x00, 0x00, 0x00, 0xff, 0xff, 0xff, 0xff, 0xe0, 0x00, 0x00,
    0x00, 0xff, 0xff, 0xff, 0xff, 0xe0, 0x00, 0x00, 0x00, 0x7f, 0xff, 0xff, 0xff, 0xe0, 0x00, 0x00, 0x00, 0x00, 0x00,
    0x0f, 0xe1, 0xc0, 0x00, 0x00, 0x00, 0x00, 0x00, 0x07, 0xe0, 0x00, 0x00, 0x00, 0x00, 0x00, 0x00, 0x03, 0xf0, 0x00,
    0x00, 0x00, 0x00, 0x00, 0x00, 0x01, 0xf8, 0x00, 0x00, 0x00, 0x00, 0x00, 0x00, 0x00, 0xf8, 0x00, 0x00, 0x00, 0x00,
    0x00, 0x00, 0x00, 0xf8, 0x00, 0x00, 0x00, 0x00, 0x00, 0x00, 0x00, 0xf8, 0x00, 0x00, 0x00, 0x00, 0x00, 0xc0, 0x00,
    0xf8, 0x00, 0x00, 0x00, 0x00, 0x01, 0xe0, 0x00, 0xf8, 0x00, 0x00, 0x00, 0x00, 0x01, 0xf0, 0x01, 0xf8, 0x00, 0x00,
    0x00, 0x00, 0x01, 0xf8, 0x03, 0xf0, 0x00, 0x00, 0x00, 0x00, 0x00, 0xfe, 0x07, 0xf0, 0x00, 0x00, 0x00, 0x00, 0x00,
    0x7f, 0xff, 0xe0, 0x00, 0x00, 0x00, 0x00, 0x00, 0x3f, 0xff, 0xc0, 0x00, 0x00, 0x00, 0x00, 0x00, 0x0f, 0xff, 0x00,
    0x00, 0x00, 0x00, 0x00, 0x00, 0x01, 0xfc, 0x00, 0x00, 0x00, 0x00, 0x00
};

static const lv_image_dsc_t qweather_507_large = {
  .header = {
    .magic = LV_IMAGE_HEADER_MAGIC,
    .cf = LV_COLOR_FORMAT_I1,
    .flags = 0,
    .w = 48,
    .h = 48,
    .stride = 8,
    .reserved_2 = 0,
  },
  .data_size = 392,
  .data = qweather_507_large_map,
  .reserved = NULL,
};

static const uint8_t qweather_508_small_map[] = {
    0xff, 0xff, 0xff, 0xff, 0x00, 0x00, 0x00, 0xff, 0x00, 0x00, 0x00, 0x00, 0x00, 0x00, 0x00, 0x00, 0x00, 0x00,
    0x00, 0x00, 0x00, 0x00, 0x00, 0x00, 0x00, 0x00, 0x00, 0x00, 0x03, 0xc0, 0x00, 0x00, 0x0f, 0xe0, 0x00, 0x00,
    0x0c, 0x60, 0x00, 0x00, 0x0c, 0x00, 0x00, 0x00, 0x0c, 0x04, 0x00, 0x00, 0xff, 0xfe, 0x00, 0x00, 0x7f, 0xfc,
    0x00, 0x00, 0x01, 0xc0, 0x00, 0x00, 0x7f, 0xfc, 0x00, 0x00, 0xff, 0xfe, 0x00, 0x00, 0x00, 0x34, 0x00, 0x00,
    0x10, 0x30, 0x00, 0x00, 0x18, 0x70, 0x00, 0x00, 0x0f, 0xe0, 0x00, 0x00, 0x07, 0xc0, 0x00, 0x00
};

static const lv_image_dsc_t qweather_508_small = {
  .header = {
    .magic = LV_IMAGE_HEADER_MAGIC,
    .cf = LV_COLOR_FORMAT_I1,
    .flags = 0,
    .w = 20,
    .h = 20,
    .stride = 4,
    .reserved_2 = 0,
  },
  .data_size = 88,
  .data = qweather_508_small_map,
  .reserved = NULL,
};

static const uint8_t qweather_508_large_map[] = {
    0xff, 0xff, 0xff, 0xff, 0x00, 0x00, 0x00, 0xff, 0x00, 0x00, 0x00, 0x00, 0x00, 0x00, 0x00, 0x00, 0x00, 0x00, 0x00,
    0x00, 0x00, 0x00, 0x00, 0x00, 0x00, 0x00, 0x00, 0x00, 0x00, 0x00, 0x00, 0x00, 0x00, 0x00, 0x00, 0x00, 0x00, 0x00,
    0x00, 0x00, 0x00, 0x00, 0x00, 0x00, 0x00, 0x00, 0x00, 0x00, 0x00, 0x00, 0x00, 0x00, 0x00, 0x00, 0x00, 0x00, 0x00,
    0x00, 0x00, 0x00, 0x00, 0x00, 0x00, 0x00, 0x00, 0x00, 0x00, 0x00, 0x00, 0x00, 0x00, 0x00, 0x00, 0x00, 0x00, 0x00,
    0x00, 0x00, 0x00, 0x00, 0x00, 0x00, 0x00, 0x00, 0x00, 0x00, 0x00, 0x00, 0x00, 0x00, 0x00, 0x00, 0x00, 0x00, 0x00,
    0x00, 0x00, 0x00, 0x00, 0x00, 0x00, 0x00, 0x00, 0x00, 0x00, 0x01, 0xfc, 0x00, 0x00, 0x00, 0x00, 0x00, 0x00, 0x0f,
    0xff, 0x00, 0x00, 0x00, 0x00, 0x00, 0x00, 0x1f, 0xff, 0x80, 0x00, 0x00, 0x00, 0x00, 0x00, 0x3f, 0xff, 0xc0, 0x00,
    0x00, 0x00, 0x00, 0x00, 0x3f, 0x0f, 0xe0, 0x00, 0x00, 0x00, 0x00, 0x00, 0x7c, 0x03, 0xf0, 0x00, 0x00, 0x00, 0x00,
    0x00, 0x7c, 0x01, 0xe0, 0x00, 0x00, 0x00, 0x00, 0x00, 0x78, 0x00, 0x00, 0x00, 0x00, 0x00, 0x00, 0x00, 0x78, 0x00,
    0x00, 0x00, 0x00, 0x00, 0x00, 0x00, 0x78, 0x00, 0x00, 0x00, 0x00, 0x00, 0x00, 0x00, 0x7c, 0x00, 0x00, 0x80, 0x00,
    0x00, 0x00, 0x7f, 0xff, 0xff, 0xff, 0xc0, 0x00, 0x00, 0x00, 0xff, 0xff, 0xff, 0xff, 0xe0, 0x00, 0x00, 0x00, 0xff,
    0xff, 0xff, 0xff, 0xf0, 0x00, 0x00, 0x00, 0xff, 0xff, 0xff, 0xff, 0xe0, 0x00, 0x00, 0x00, 0x7f, 0xff, 0xff, 0xff,
    0xc0, 0x00, 0x00, 0x00, 0x00, 0x03, 0xfc, 0x00, 0x80, 0x00, 0x00, 0x00, 0x00, 0x00, 0xfe, 0x00, 0x00, 0x00, 0x00,
    0x00, 0x00, 0x00, 0x7f, 0x00, 0x00, 0x00, 0x00, 0x00, 0x00, 0x00, 0x1f, 0xc0, 0x80, 0x00, 0x00, 0x00, 0x7f, 0xff,
    0xff, 0xff, 0xc0, 0x00, 0x00, 0x00, 0xff, 0xff, 0xff, 0xff, 0xe0, 0x00, 0x00, 0x00, 0xff, 0xff, 0xff, 0xff, 0xf0,
    0x00, 0x00, 0x00, 0xff, 0xff, 0xff, 0xff, 0xe0, 0x00, 0x00, 0x00, 0x7f, 0xff, 0xff, 0xff, 0xc0, 0x00, 0x00, 0x00,
    0x00, 0x00, 0x00, 0xf8, 0x80, 0x00, 0x00, 0x00, 0x00, 0x00, 0x00, 0xf8, 0x00, 0x00, 0x00, 0x00, 0x00, 0xc0, 0x00,
    0xf8, 0x00, 0x00, 0x00, 0x00, 0x01, 0xe0, 0x00, 0xf8, 0x00, 0x00, 0x00, 0x00, 0x01, 0xf0, 0x01, 0xf8, 0x00, 0x00,
    0x00, 0x00, 0x01, 0xf8, 0x03, 0xf0, 0x00, 0x00, 0x00, 0x00, 0x00, 0xfe, 0x07, 0xf0, 0x00, 0x00, 0x00, 0x00, 0x00,
    0x7f, 0xff, 0xe0, 0x00, 0x00, 0x00, 0x00, 0x00, 0x3f, 0xff, 0xc0, 0x00, 0x00, 0x00, 0x00, 0x00, 0x0f, 0xff, 0x00,
    0x00, 0x00, 0x00, 0x00, 0x00, 0x01, 0xfc, 0x00, 0x00, 0x00, 0x00, 0x00
};

static const lv_image_dsc_t qweather_508_large = {
  .header = {
    .magic = LV_IMAGE_HEADER_MAGIC,
    .cf = LV_COLOR_FORMAT_I1,
    .flags = 0,
    .w = 48,
    .h = 48,
    .stride = 8,
    .reserved_2 = 0,
  },
  .data_size = 392,
  .data = qweather_508_large_map,
  .reserved = NULL,
};

static const uint8_t qweather_509_small_map[] = {
    0xff, 0xff, 0xff, 0xff, 0x00, 0x00, 0x00, 0xff, 0x00, 0x00, 0x00, 0x00, 0x00, 0x00, 0x00, 0x00, 0x00, 0x00,
    0x00, 0x00, 0x00, 0x00, 0x00, 0x00, 0x00, 0x00, 0x00, 0x00, 0x07, 0x80, 0x00, 0x00, 0x0f, 0xe0, 0x00, 0x00,
    0x3f, 0xf8, 0x00, 0x00, 0x7f, 0xfc, 0x00, 0x00, 0xff, 0xfe, 0x00, 0x00, 0xff, 0xfe, 0x00, 0x00, 0xff, 0xfe,
    0x00, 0x00, 0x7f, 0xfc, 0x00, 0x00, 0x07, 0xc0, 0x00, 0x00, 0x00, 0x00, 0x00, 0x00, 0x00, 0x00, 0x00, 0x00,
    0x00, 0x00, 0x00, 0x00, 0x00, 0x00, 0x00, 0x00, 0x00, 0x00, 0x00, 0x00, 0x00, 0x00, 0x00, 0x00
};

static const lv_image_dsc_t qweather_509_small = {
  .header = {
    .magic = LV_IMAGE_HEADER_MAGIC,
    .cf = LV_COLOR_FORMAT_I1,
    .flags = 0,
    .w = 20,
    .h = 20,
    .stride = 4,
    .reserved_2 = 0,
  },
  .data_size = 88,
  .data = qweather_509_small_map,
  .reserved = NULL,
};

static const uint8_t qweather_509_large_map[] = {
    0xff, 0xff, 0xff, 0xff, 0x00, 0x00, 0x00, 0xff, 0x00, 0x00, 0x00, 0x00, 0x00, 0x00, 0x00, 0x00, 0x00, 0x00, 0x00,
    0x00, 0x00, 0x00, 0x00, 0x00, 0x00, 0x00, 0x00, 0x00, 0x00, 0x00, 0x00, 0x00, 0x00, 0x00, 0x00, 0x00, 0x00, 0x00,
    0x00, 0x00, 0x00, 0x00, 0x00, 0x00, 0x00, 0x00, 0x00, 0x00, 0x00, 0x00, 0x00, 0x00, 0x00, 0x00, 0x00, 0x00, 0x00,
    0x00, 0x00, 0x00, 0x00, 0x00, 0x00, 0x00, 0x00, 0x00, 0x00, 0x00, 0x00, 0x00, 0x00, 0x00, 0x00, 0x00, 0x00, 0x00,
    0x00, 0x00, 0x00, 0x00, 0x00, 0x00, 0x00, 0x00, 0x00, 0x00, 0x00, 0x00, 0x00, 0x00, 0x00, 0x00, 0x00, 0x00, 0x00,
    0x00, 0x00, 0x00, 0x00, 0x00, 0x00, 0x00, 0x00, 0x00, 0x00, 0x01, 0xf8, 0x00, 0x00, 0x00, 0x00, 0x00, 0x00, 0x0f,
    0xfe, 0x00, 0x00, 0x00, 0x00, 0x00, 0x00, 0x1f, 0xff, 0x80, 0x00, 0x00, 0x00, 0x00, 0x00, 0x3f, 0xff, 0xc0, 0x00,
    0x00, 0x00, 0x00, 0x00, 0x7f, 0xff, 0xe0, 0x00, 0x00, 0x00, 0x00, 0x00, 0xff, 0xff, 0xe0, 0x00, 0x00, 0x00, 0x00,
    0x1f, 0xff, 0xff, 0xff, 0x80, 0x00, 0x00, 0x00, 0x3f, 0xff, 0xff, 0xff, 0xc0, 0x00, 0x00, 0x00, 0x7f, 0xff, 0xff,
    0xff, 0xe0, 0x00, 0x00, 0x00, 0x7f, 0xff, 0xff, 0xff, 0xe0, 0x00, 0x00, 0x00, 0xff, 0xff, 0xff, 0xff, 0xf0, 0x00,
    0x00, 0x00, 0xff, 0xff, 0xff, 0xff, 0xf0, 0x00, 0x00, 0x00, 0xff, 0xff, 0xff, 0xff, 0xf0, 0x00, 0x00, 0x00, 0xff,
    0xff, 0xff, 0xff, 0xf0, 0x00, 0x00, 0x00, 0xff, 0xff, 0xff, 0xff, 0xf0, 0x00, 0x00, 0x00, 0x7f, 0xff, 0xff, 0xff,
    0xe0, 0x00, 0x00, 0x00, 0x7f, 0xff, 0xff, 0xff, 0xe0, 0x00, 0x00, 0x00, 0x3f, 0xff, 0xff, 0xff, 0xc0, 0x00, 0x00,
    0x00, 0x0f, 0xff, 0xff, 0xff, 0x00, 0x00, 0x00, 0x00, 0x00, 0x3f, 0xff, 0x80, 0x00, 0x00, 0x00, 0x00, 0x00, 0x1f,
    0xff, 0x00, 0x00, 0x00, 0x00, 0x00, 0x00, 0x07, 0xfc, 0x00, 0x00, 0x00, 0x00, 0x00, 0x00, 0x00, 0x00, 0x00, 0x00,
    0x00, 0x00, 0x00, 0x00, 0x00, 0x00, 0x00, 0x00, 0x00, 0x00, 0x00, 0x00, 0x00, 0x00, 0x00, 0x00, 0x00, 0x00, 0x00,
    0xff, 0xff, 0xfc, 0x00, 0x00, 0x00, 0x00, 0x00, 0x00, 0x00, 0x00, 0x00, 0x00, 0x00, 0x00, 0x00, 0x00, 0x00, 0x00,
    0x00, 0x00, 0x00, 0x00, 0x00, 0x01, 0xff, 0x3f, 0xff, 0xf0, 0x00, 0x00, 0x00, 0x00, 0x00, 0x00, 0x00, 0x00, 0x00,
    0x00, 0x00, 0x00, 0x00, 0x00, 0x00, 0x00, 0x00, 0x00, 0x00, 0x00, 0x00, 0x00, 0x00, 0x00, 0x00, 0x00, 0x00, 0x1f,
    0xff, 0xf1, 0xfe, 0x00, 0x00, 0x00, 0x00, 0x00, 0x00, 0x00, 0x00, 0x00, 0x00, 0x00, 0x00, 0x00, 0x00, 0x00, 0x00,
    0x00, 0x00, 0x00, 0x00, 0x01, 0xff, 0xff, 0xf8, 0x00, 0x00, 0x00, 0x00
};

static const lv_image_dsc_t qweather_509_large = {
  .header = {
    .magic = LV_IMAGE_HEADER_MAGIC,
    .cf = LV_COLOR_FORMAT_I1,
    .flags = 0,
    .w = 48,
    .h = 48,
    .stride = 8,
    .reserved_2 = 0,
  },
  .data_size = 392,
  .data = qweather_509_large_map,
  .reserved = NULL,
};

static const uint8_t qweather_510_small_map[] = {
    0xff, 0xff, 0xff, 0xff, 0x00, 0x00, 0x00, 0xff, 0x00, 0x00, 0x00, 0x00, 0x00, 0x00, 0x00, 0x00, 0x00, 0x00,
    0x00, 0x00, 0x00, 0x00, 0x00, 0x00, 0x00, 0x00, 0x00, 0x00, 0x07, 0x80, 0x00, 0x00, 0x0f, 0xe0, 0x00, 0x00,
    0x3f, 0xe0, 0x00, 0x00, 0x7f, 0xfc, 0x00, 0x00, 0xff, 0xfc, 0x00, 0x00, 0xff, 0xfe, 0x00, 0x00, 0xff, 0xfe,
    0x00, 0x00, 0x7f, 0xfc, 0x00, 0x00, 0x07, 0xc0, 0x00, 0x00, 0x00, 0x00, 0x00, 0x00, 0x00, 0x00, 0x00, 0x00,
    0x00, 0x00, 0x00, 0x00, 0x00, 0x00, 0x00, 0x00, 0x00, 0x00, 0x00, 0x00, 0x00, 0x00, 0x00, 0x00
};

static const lv_image_dsc_t qweather_510_small = {
  .header = {
    .magic = LV_IMAGE_HEADER_MAGIC,
    .cf = LV_COLOR_FORMAT_I1,
    .flags = 0,
    .w = 20,
    .h = 20,
    .stride = 4,
    .reserved_2 = 0,
  },
  .data_size = 88,
  .data = qweather_510_small_map,
  .reserved = NULL,
};

static const uint8_t qweather_510_large_map[] = {
    0xff, 0xff, 0xff, 0xff, 0x00, 0x00, 0x00, 0xff, 0x00, 0x00, 0x00, 0x00, 0x00, 0x00, 0x00, 0x00, 0x00, 0x00, 0x00,
    0x00, 0x00, 0x00, 0x00, 0x00, 0x00, 0x00, 0x00, 0x00, 0x00, 0x00, 0x00, 0x00, 0x00, 0x00, 0x00, 0x00, 0x00, 0x00,
    0x00, 0x00, 0x00, 0x00, 0x00, 0x00, 0x00, 0x00, 0x00, 0x00, 0x00, 0x00, 0x00, 0x00, 0x00, 0x00, 0x00, 0x00, 0x00,
    0x00, 0x00, 0x00, 0x00, 0x00, 0x00, 0x00, 0x00, 0x00, 0x00, 0x00, 0x00, 0x00, 0x00, 0x00, 0x00, 0x00, 0x00, 0x00,
    0x00, 0x00, 0x00, 0x00, 0x00, 0x00, 0x00, 0x00, 0x00, 0x00, 0x00, 0x00, 0x00, 0x00, 0x00, 0x00, 0x00, 0x00, 0x00,
    0x00, 0x00, 0x00, 0x00, 0x00, 0x00, 0x00, 0x00, 0x00, 0x00, 0x01, 0xf8, 0x00, 0x00, 0x00, 0x00, 0x00, 0x00, 0x0f,
    0xfe, 0x00, 0x00, 0x00, 0x00, 0x00, 0x00, 0x1f, 0xff, 0x80, 0x00, 0x00, 0x00, 0x00, 0x00, 0x3f, 0xff, 0xc0, 0x00,
    0x00, 0x00, 0x00, 0x00, 0x7f, 0xff, 0xe0, 0x00, 0x00, 0x00, 0x00, 0x00, 0xff, 0xff, 0xe0, 0x00, 0x00, 0x00, 0x00,
    0x1f, 0xff, 0xfe, 0x00, 0x00, 0x00, 0x00, 0x00, 0x3f, 0xff, 0xff, 0xff, 0xc0, 0x00, 0x00, 0x00, 0x7f, 0xff, 0xc0,
    0x01, 0xe0, 0x00, 0x00, 0x00, 0x7f, 0xff, 0xff, 0xff, 0xe0, 0x00, 0x00, 0x00, 0xff, 0xff, 0xfe, 0x00, 0x00, 0x00,
    0x00, 0x00, 0xff, 0xff, 0xff, 0xff, 0xf0, 0x00, 0x00, 0x00, 0xff, 0xff, 0xff, 0xff, 0xf0, 0x00, 0x00, 0x00, 0xff,
    0xff, 0xff, 0xff, 0xf0, 0x00, 0x00, 0x00, 0xff, 0xff, 0xff, 0xff, 0xf0, 0x00, 0x00, 0x00, 0x7f, 0xff, 0xff, 0xff,
    0xe0, 0x00, 0x00, 0x00, 0x7f, 0xff, 0xff, 0xff, 0xe0, 0x00, 0x00, 0x00, 0x3f, 0xff, 0xff, 0xff, 0xc0, 0x00, 0x00,
    0x00, 0x0f, 0xff, 0xff, 0xff, 0x00, 0x00, 0x00, 0x00, 0x00, 0x3f, 0xff, 0x80, 0x00, 0x00, 0x00, 0x00, 0x00, 0x1f,
    0xff, 0x00, 0x00, 0x00, 0x00, 0x00, 0x00, 0x07, 0xfc, 0x00, 0x00, 0x00, 0x00, 0x00, 0x00, 0x00, 0x00, 0x00, 0x00,
    0x00, 0x00, 0x00, 0x00, 0x00, 0x00, 0x00, 0x00, 0x00, 0x00, 0x00, 0x00, 0x00, 0x00, 0x00, 0x00, 0x00, 0x00, 0x00,
    0xff, 0xff, 0xfc, 0x00, 0x00, 0x00, 0x00, 0x00, 0x00, 0x00, 0x00, 0x00, 0x00, 0x00, 0x00, 0x00, 0x00, 0x00, 0x00,
    0x00, 0x00, 0x00, 0x00, 0x00, 0x01, 0xff, 0x3f, 0xff, 0xf0, 0x00, 0x00, 0x00, 0x00, 0x00, 0x00, 0x00, 0x00, 0x00,
    0x00, 0x00, 0x00, 0x00, 0x00, 0x00, 0x00, 0x00, 0x00, 0x00, 0x00, 0x00, 0x00, 0x00, 0x00, 0x00, 0x00, 0x00, 0x1f,
    0xff, 0xf1, 0xfe, 0x00, 0x00, 0x00, 0x00, 0x00, 0x00, 0x00, 0x00, 0x00, 0x00, 0x00, 0x00, 0x00, 0x00, 0x00, 0x00,
    0x00, 0x00, 0x00, 0x00, 0x01, 0xff, 0xff, 0xf8, 0x00, 0x00, 0x00, 0x00
};

static const lv_image_dsc_t qweather_510_large = {
  .header = {
    .magic = LV_IMAGE_HEADER_MAGIC,
    .cf = LV_COLOR_FORMAT_I1,
    .flags = 0,
    .w = 48,
    .h = 48,
    .stride = 8,
    .reserved_2 = 0,
  },
  .data_size = 392,
  .data = qweather_510_large_map,
  .reserved = NULL,
};

static const uint8_t qweather_511_small_map[] = {
    0xff, 0xff, 0xff, 0xff, 0x00, 0x00, 0x00, 0xff, 0x00, 0x00, 0x00, 0x00, 0x00, 0x00, 0x00, 0x00, 0x00, 0x00,
    0x00, 0x00, 0x00, 0x00, 0x00, 0x00, 0x00, 0x00, 0x00, 0x00, 0x00, 0x00, 0x00, 0x00, 0x00, 0x00, 0x00, 0x00,
    0x30, 0x18, 0x00, 0x00, 0x00, 0x00, 0x00, 0x00, 0x30, 0x18, 0x00, 0x00, 0x7c, 0x7c, 0x00, 0x00, 0xfe, 0xfe,
    0x00, 0x00, 0xff, 0xfe, 0x00, 0x00, 0xfe, 0xfe, 0x00, 0x00, 0x7c, 0x7c, 0x00, 0x00, 0x30, 0x18, 0x00, 0x00,
    0x00, 0x00, 0x00, 0x00, 0x30, 0x18, 0x00, 0x00, 0x00, 0x00, 0x00, 0x00, 0x00, 0x00, 0x00, 0x00
};

static const lv_image_dsc_t qweather_511_small = {
  .header = {
    .magic = LV_IMAGE_HEADER_MAGIC,
    .cf = LV_COLOR_FORMAT_I1,
    .flags = 0,
    .w = 20,
    .h = 20,
    .stride = 4,
    .reserved_2 = 0,
  },
  .data_size = 88,
  .data = qweather_511_small_map,
  .reserved = NULL,
};

static const uint8_t qweather_511_large_map[] = {
    0xff, 0xff, 0xff, 0xff, 0x00, 0x00, 0x00, 0xff, 0x00, 0x00, 0x00, 0x00, 0x00, 0x00, 0x00, 0x00, 0x00, 0x00, 0x00,
    0x00, 0x00, 0x00, 0x00, 0x00, 0x00, 0x00, 0x00, 0x00, 0x00, 0x00, 0x00, 0x00, 0x00, 0x00, 0x00, 0x00, 0x00, 0x00,
    0x00, 0x00, 0x00, 0x00, 0x00, 0x00, 0x00, 0x00, 0x00, 0x00, 0x00, 0x00, 0x00, 0x00, 0x00, 0x00, 0x00, 0x00, 0x00,
    0x00, 0x00, 0x00, 0x00, 0x00, 0x00, 0x00, 0x00, 0x00, 0x00, 0x00, 0x00, 0x00, 0x00, 0x00, 0x00, 0x00, 0x00, 0x00,
    0x00, 0x00, 0x00, 0x00, 0x00, 0x00, 0x00, 0x00, 0x00, 0x00, 0x00, 0x00, 0x00, 0x00, 0x00, 0x00, 0x00, 0x00, 0x00,
    0x00, 0x00, 0x00, 0x00, 0x00, 0x00, 0x00, 0x00, 0x00, 0x00, 0x00, 0x00, 0x00, 0x00, 0x00, 0x00, 0x00, 0x00, 0x00,
    0x00, 0x00, 0x00, 0x00, 0x00, 0x00, 0x00, 0x00, 0x00, 0x00, 0x00, 0x00, 0x00, 0x00, 0x02, 0x00, 0x00, 0x04, 0x00,
    0x00, 0x00, 0x00, 0x07, 0x80, 0x00, 0x1e, 0x00, 0x00, 0x00, 0x00, 0x07, 0x80, 0x00, 0x1e, 0x00, 0x00, 0x00, 0x00,
    0x07, 0x80, 0x00, 0x1e, 0x00, 0x00, 0x00, 0x00, 0x03, 0x00, 0x00, 0x0c, 0x00, 0x00, 0x00, 0x00, 0x00, 0x00, 0x00,
    0x00, 0x00, 0x00, 0x00, 0x00, 0x00, 0x00, 0x00, 0x00, 0x00, 0x00, 0x00, 0x00, 0x07, 0xc0, 0x00, 0x3c, 0x00, 0x00,
    0x00, 0x00, 0x1f, 0xf0, 0x00, 0xff, 0x00, 0x00, 0x00, 0x00, 0x3f, 0xfc, 0x03, 0xff, 0xc0, 0x00, 0x00, 0x00, 0x7f,
    0xfe, 0x07, 0xff, 0xc0, 0x00, 0x00, 0x00, 0x7f, 0xff, 0x0f, 0xff, 0xe0, 0x00, 0x00, 0x00, 0xff, 0xff, 0x9f, 0xff,
    0xe0, 0x00, 0x00, 0x00, 0xff, 0xff, 0xff, 0xff, 0xf0, 0x00, 0x00, 0x00, 0xff, 0xff, 0xff, 0xff, 0xf0, 0x00, 0x00,
    0x00, 0xff, 0xff, 0xff, 0xff, 0xf0, 0x00, 0x00, 0x00, 0xff, 0xff, 0xff, 0xff, 0xf0, 0x00, 0x00, 0x00, 0xff, 0xff,
    0x9f, 0xff, 0xe0, 0x00, 0x00, 0x00, 0x7f, 0xff, 0x0f, 0xff, 0xe0, 0x00, 0x00, 0x00, 0x3f, 0xfe, 0x07, 0xff, 0xc0,
    0x00, 0x00, 0x00, 0x3f, 0xf8, 0x03, 0xff, 0xc0, 0x00, 0x00, 0x00, 0x0f, 0xf0, 0x00, 0xff, 0x00, 0x00, 0x00, 0x00,
    0x03, 0x80, 0x00, 0x1c, 0x00, 0x00, 0x00, 0x00, 0x00, 0x00, 0x00, 0x00, 0x00, 0x00, 0x00, 0x00, 0x00, 0x00, 0x00,
    0x00, 0x00, 0x00, 0x00, 0x00, 0x07, 0x00, 0x00, 0x0e, 0x00, 0x00, 0x00, 0x00, 0x07, 0x80, 0x00, 0x1e, 0x00, 0x00,
    0x00, 0x00, 0x07, 0x80, 0x00, 0x1e, 0x00, 0x00, 0x00, 0x00, 0x07, 0x80, 0x00, 0x1e, 0x00, 0x00, 0x00, 0x00, 0x00,
    0x00, 0x00, 0x00, 0x00, 0x00, 0x00, 0x00, 0x00, 0x00, 0x00, 0x00, 0x00, 0x00, 0x00, 0x00, 0x00, 0x00, 0x00, 0x00,
    0x00, 0x00, 0x00, 0x00, 0x00, 0x00, 0x00, 0x00, 0x00, 0x00, 0x00, 0x00
};

static const lv_image_dsc_t qweather_511_large = {
  .header = {
    .magic = LV_IMAGE_HEADER_MAGIC,
    .cf = LV_COLOR_FORMAT_I1,
    .flags = 0,
    .w = 48,
    .h = 48,
    .stride = 8,
    .reserved_2 = 0,
  },
  .data_size = 392,
  .data = qweather_511_large_map,
  .reserved = NULL,
};

static const uint8_t qweather_512_small_map[] = {
    0xff, 0xff, 0xff, 0xff, 0x00, 0x00, 0x00, 0xff, 0x00, 0x00, 0x00, 0x00, 0x00, 0x00, 0x00, 0x00, 0x00, 0x00,
    0x00, 0x00, 0x00, 0x00, 0x00, 0x00, 0x00, 0x00, 0x00, 0x00, 0x00, 0x00, 0x00, 0x00, 0x00, 0x00, 0x00, 0x00,
    0x31, 0x18, 0x00, 0x00, 0x01, 0x00, 0x00, 0x00, 0x30, 0x18, 0x00, 0x00, 0x7c, 0x7c, 0x00, 0x00, 0xfe, 0xfe,
    0x00, 0x00, 0xff, 0xfe, 0x00, 0x00, 0xfe, 0xfe, 0x00, 0x00, 0x7c, 0x7c, 0x00, 0x00, 0x30, 0x18, 0x00, 0x00,
    0x01, 0x00, 0x00, 0x00, 0x31, 0x18, 0x00, 0x00, 0x00, 0x00, 0x00, 0x00, 0x00, 0x00, 0x00, 0x00
};

static const lv_image_dsc_t qweather_512_small = {
  .header = {
    .magic = LV_IMAGE_HEADER_MAGIC,
    .cf = LV_COLOR_FORMAT_I1,
    .flags = 0,
    .w = 20,
    .h = 20,
    .stride = 4,
    .reserved_2 = 0,
  },
  .data_size = 88,
  .data = qweather_512_small_map,
  .reserved = NULL,
};

static const uint8_t qweather_512_large_map[] = {
    0xff, 0xff, 0xff, 0xff, 0x00, 0x00, 0x00, 0xff, 0x00, 0x00, 0x00, 0x00, 0x00, 0x00, 0x00, 0x00, 0x00, 0x00, 0x00,
    0x00, 0x00, 0x00, 0x00, 0x00, 0x00, 0x00, 0x00, 0x00, 0x00, 0x00, 0x00, 0x00, 0x00, 0x00, 0x00, 0x00, 0x00, 0x00,
    0x00, 0x00, 0x00, 0x00, 0x00, 0x00, 0x00, 0x00, 0x00, 0x00, 0x00, 0x00, 0x00, 0x00, 0x00, 0x00, 0x00, 0x00, 0x00,
    0x00, 0x00, 0x00, 0x00, 0x00, 0x00, 0x00, 0x00, 0x00, 0x00, 0x00, 0x00, 0x00, 0x00, 0x00, 0x00, 0x00, 0x00, 0x00,
    0x00, 0x00, 0x00, 0x00, 0x00, 0x00, 0x00, 0x00, 0x00, 0x00, 0x00, 0x00, 0x00, 0x00, 0x00, 0x00, 0x00, 0x00, 0x00,
    0x00, 0x00, 0x00, 0x00, 0x00, 0x00, 0x00, 0x00, 0x00, 0x00, 0x00, 0x00, 0x00, 0x00, 0x00, 0x00, 0x00, 0x00, 0x00,
    0x00, 0x00, 0x00, 0x00, 0x00, 0x00, 0x00, 0x00, 0x00, 0x00, 0x00, 0x00, 0x00, 0x00, 0x02, 0x00, 0x00, 0x04, 0x00,
    0x00, 0x00, 0x00, 0x07, 0x80, 0x20, 0x1e, 0x00, 0x00, 0x00, 0x00, 0x07, 0x80, 0xf0, 0x1e, 0x00, 0x00, 0x00, 0x00,
    0x07, 0x80, 0xf0, 0x1e, 0x00, 0x00, 0x00, 0x00, 0x03, 0x00, 0xf0, 0x0c, 0x00, 0x00, 0x00, 0x00, 0x00, 0x00, 0x60,
    0x00, 0x00, 0x00, 0x00, 0x00, 0x00, 0x00, 0x00, 0x00, 0x00, 0x00, 0x00, 0x00, 0x07, 0xc0, 0x00, 0x3c, 0x00, 0x00,
    0x00, 0x00, 0x1f, 0xf0, 0x00, 0xff, 0x00, 0x00, 0x00, 0x00, 0x3f, 0xfc, 0x03, 0xff, 0xc0, 0x00, 0x00, 0x00, 0x7f,
    0xfe, 0x07, 0xff, 0xc0, 0x00, 0x00, 0x00, 0x7f, 0xff, 0x0f, 0xff, 0xe0, 0x00, 0x00, 0x00, 0xff, 0xff, 0x9f, 0xff,
    0xe0, 0x00, 0x00, 0x00, 0xff, 0xff, 0xff, 0xff, 0xf0, 0x00, 0x00, 0x00, 0xff, 0xff, 0xff, 0xff, 0xf0, 0x00, 0x00,
    0x00, 0xff, 0xff, 0xff, 0xff, 0xf0, 0x00, 0x00, 0x00, 0xff, 0xff, 0xff, 0xff, 0xf0, 0x00, 0x00, 0x00, 0xff, 0xff,
    0x9f, 0xff, 0xe0, 0x00, 0x00, 0x00, 0x7f, 0xff, 0x0f, 0xff, 0xe0, 0x00, 0x00, 0x00, 0x3f, 0xfe, 0x07, 0xff, 0xc0,
    0x00, 0x00, 0x00, 0x3f, 0xf8, 0x03, 0xff, 0xc0, 0x00, 0x00, 0x00, 0x0f, 0xf0, 0x00, 0xff, 0x00, 0x00, 0x00, 0x00,
    0x03, 0x80, 0x00, 0x1c, 0x00, 0x00, 0x00, 0x00, 0x00, 0x00, 0x00, 0x00, 0x00, 0x00, 0x00, 0x00, 0x00, 0x00, 0x60,
    0x00, 0x00, 0x00, 0x00, 0x00, 0x07, 0x00, 0xf0, 0x0e, 0x00, 0x00, 0x00, 0x00, 0x07, 0x80, 0xf0, 0x1e, 0x00, 0x00,
    0x00, 0x00, 0x07, 0x80, 0xf0, 0x1e, 0x00, 0x00, 0x00, 0x00, 0x07, 0x80, 0x00, 0x1e, 0x00, 0x00, 0x00, 0x00, 0x00,
    0x00, 0x00, 0x00, 0x00, 0x00, 0x00, 0x00, 0x00, 0x00, 0x00, 0x00, 0x00, 0x00, 0x00, 0x00, 0x00, 0x00, 0x00, 0x00,
    0x00, 0x00, 0x00, 0x00, 0x00, 0x00, 0x00, 0x00, 0x00, 0x00, 0x00, 0x00
};

static const lv_image_dsc_t qweather_512_large = {
  .header = {
    .magic = LV_IMAGE_HEADER_MAGIC,
    .cf = LV_COLOR_FORMAT_I1,
    .flags = 0,
    .w = 48,
    .h = 48,
    .stride = 8,
    .reserved_2 = 0,
  },
  .data_size = 392,
  .data = qweather_512_large_map,
  .reserved = NULL,
};

static const uint8_t qweather_513_small_map[] = {
    0xff, 0xff, 0xff, 0xff, 0x00, 0x00, 0x00, 0xff, 0x00, 0x00, 0x00, 0x00, 0x00, 0x00, 0x00, 0x00, 0x00, 0x00,
    0x00, 0x00, 0x00, 0x00, 0x00, 0x00, 0x00, 0x00, 0x00, 0x00, 0x00, 0x00, 0x00, 0x00, 0x00, 0x00, 0x00, 0x00,
    0x64, 0x4c, 0x00, 0x00, 0x04, 0x40, 0x00, 0x00, 0x30, 0x18, 0x00, 0x00, 0x7c, 0x7c, 0x00, 0x00, 0xfe, 0xfe,
    0x00, 0x00, 0xff, 0xfe, 0x00, 0x00, 0xfe, 0xfe, 0x00, 0x00, 0x7c, 0x7c, 0x00, 0x00, 0x30, 0x18, 0x00, 0x00,
    0x04, 0x40, 0x00, 0x00, 0x64, 0x4c, 0x00, 0x00, 0x00, 0x00, 0x00, 0x00, 0x00, 0x00, 0x00, 0x00
};

static const lv_image_dsc_t qweather_513_small = {
  .header = {
    .magic = LV_IMAGE_HEADER_MAGIC,
    .cf = LV_COLOR_FORMAT_I1,
    .flags = 0,
    .w = 20,
    .h = 20,
    .stride = 4,
    .reserved_2 = 0,
  },
  .data_size = 88,
  .data = qweather_513_small_map,
  .reserved = NULL,
};

static const uint8_t qweather_513_large_map[] = {
    0xff, 0xff, 0xff, 0xff, 0x00, 0x00, 0x00, 0xff, 0x00, 0x00, 0x00, 0x00, 0x00, 0x00, 0x00, 0x00, 0x00, 0x00, 0x00,
    0x00, 0x00, 0x00, 0x00, 0x00, 0x00, 0x00, 0x00, 0x00, 0x00, 0x00, 0x00, 0x00, 0x00, 0x00, 0x00, 0x00, 0x00, 0x00,
    0x00, 0x00, 0x00, 0x00, 0x00, 0x00, 0x00, 0x00, 0x00, 0x00, 0x00, 0x00, 0x00, 0x00, 0x00, 0x00, 0x00, 0x00, 0x00,
    0x00, 0x00, 0x00, 0x00, 0x00, 0x00, 0x00, 0x00, 0x00, 0x00, 0x00, 0x00, 0x00, 0x00, 0x00, 0x00, 0x00, 0x00, 0x00,
    0x00, 0x00, 0x00, 0x00, 0x00, 0x00, 0x00, 0x00, 0x00, 0x00, 0x00, 0x00, 0x00, 0x00, 0x00, 0x00, 0x00, 0x00, 0x00,
    0x00, 0x00, 0x00, 0x00, 0x00, 0x00, 0x00, 0x00, 0x00, 0x00, 0x00, 0x00, 0x00, 0x00, 0x00, 0x00, 0x00, 0x00, 0x00,
    0x00, 0x00, 0x00, 0x00, 0x00, 0x00, 0x00, 0x00, 0x00, 0x00, 0x00, 0x00, 0x00, 0x00, 0x08, 0x00, 0x00, 0x01, 0x00,
    0x00, 0x00, 0x00, 0x1c, 0x04, 0x02, 0x03, 0x80, 0x00, 0x00, 0x00, 0x3e, 0x0e, 0x07, 0x87, 0xc0, 0x00, 0x00, 0x00,
    0x3c, 0x1f, 0x0f, 0x83, 0x80, 0x00, 0x00, 0x00, 0x1c, 0x0f, 0x07, 0x83, 0x80, 0x00, 0x00, 0x00, 0x00, 0x0e, 0x07,
    0x00, 0x00, 0x00, 0x00, 0x00, 0x00, 0x00, 0x00, 0x00, 0x00, 0x00, 0x00, 0x00, 0x07, 0xc0, 0x00, 0x3c, 0x00, 0x00,
    0x00, 0x00, 0x1f, 0xf0, 0x00, 0xff, 0x80, 0x00, 0x00, 0x00, 0x3f, 0xfc, 0x03, 0xff, 0xc0, 0x00, 0x00, 0x00, 0x7f,
    0xfe, 0x07, 0xff, 0xe0, 0x00, 0x00, 0x00, 0x7f, 0xff, 0x0f, 0xff, 0xe0, 0x00, 0x00, 0x00, 0xff, 0xff, 0x9f, 0xff,
    0xe0, 0x00, 0x00, 0x00, 0xff, 0xff, 0xff, 0xff, 0xf0, 0x00, 0x00, 0x00, 0xff, 0xff, 0xff, 0xff, 0xf0, 0x00, 0x00,
    0x00, 0xff, 0xff, 0xff, 0xff, 0xf0, 0x00, 0x00, 0x00, 0xff, 0xff, 0xff, 0xff, 0xf0, 0x00, 0x00, 0x00, 0xff, 0xff,
    0x9f, 0xff, 0xe0, 0x00, 0x00, 0x00, 0x7f, 0xff, 0x0f, 0xff, 0xe0, 0x00, 0x00, 0x00, 0x3f, 0xfe, 0x07, 0xff, 0xc0,
    0x00, 0x00, 0x00, 0x3f, 0xf8, 0x03, 0xff, 0xc0, 0x00, 0x00, 0x00, 0x0f, 0xf0, 0x00, 0xff, 0x00, 0x00, 0x00, 0x00,
    0x03, 0x80, 0x00, 0x1c, 0x00, 0x00, 0x00, 0x00, 0x00, 0x00, 0x00, 0x00, 0x00, 0x00, 0x00, 0x00, 0x00, 0x0e, 0x07,
    0x00, 0x00, 0x00, 0x00, 0x00, 0x1c, 0x1f, 0x07, 0x83, 0x80, 0x00, 0x00, 0x00, 0x3e, 0x1f, 0x0f, 0x87, 0xc0, 0x00,
    0x00, 0x00, 0x3e, 0x0e, 0x07, 0x07, 0xc0, 0x00, 0x00, 0x00, 0x1c, 0x00, 0x00, 0x03, 0x80, 0x00, 0x00, 0x00, 0x00,
    0x00, 0x00, 0x00, 0x00, 0x00, 0x00, 0x00, 0x00, 0x00, 0x00, 0x00, 0x00, 0x00, 0x00, 0x00, 0x00, 0x00, 0x00, 0x00,
    0x00, 0x00, 0x00, 0x00, 0x00, 0x00, 0x00, 0x00, 0x00, 0x00, 0x00, 0x00
};

static const lv_image_dsc_t qweather_513_large = {
  .header = {
    .magic = LV_IMAGE_HEADER_MAGIC,
    .cf = LV_COLOR_FORMAT_I1,
    .flags = 0,
    .w = 48,
    .h = 48,
    .stride = 8,
    .reserved_2 = 0,
  },
  .data_size = 392,
  .data = qweather_513_large_map,
  .reserved = NULL,
};

const ui_platform_image_entry_t qweather_i1_entries[] = {
    { 100U, (ui_platform_image_variant_t) 1, &qweather_100_small },
    { 100U, (ui_platform_image_variant_t) 2, &qweather_100_large },
    { 101U, (ui_platform_image_variant_t) 1, &qweather_101_small },
    { 101U, (ui_platform_image_variant_t) 2, &qweather_101_large },
    { 102U, (ui_platform_image_variant_t) 1, &qweather_102_small },
    { 102U, (ui_platform_image_variant_t) 2, &qweather_102_large },
    { 103U, (ui_platform_image_variant_t) 1, &qweather_103_small },
    { 103U, (ui_platform_image_variant_t) 2, &qweather_103_large },
    { 104U, (ui_platform_image_variant_t) 1, &qweather_104_small },
    { 104U, (ui_platform_image_variant_t) 2, &qweather_104_large },
    { 150U, (ui_platform_image_variant_t) 1, &qweather_150_small },
    { 150U, (ui_platform_image_variant_t) 2, &qweather_150_large },
    { 151U, (ui_platform_image_variant_t) 1, &qweather_151_small },
    { 151U, (ui_platform_image_variant_t) 2, &qweather_151_large },
    { 152U, (ui_platform_image_variant_t) 1, &qweather_152_small },
    { 152U, (ui_platform_image_variant_t) 2, &qweather_152_large },
    { 153U, (ui_platform_image_variant_t) 1, &qweather_153_small },
    { 153U, (ui_platform_image_variant_t) 2, &qweather_153_large },
    { 300U, (ui_platform_image_variant_t) 1, &qweather_300_small },
    { 300U, (ui_platform_image_variant_t) 2, &qweather_300_large },
    { 301U, (ui_platform_image_variant_t) 1, &qweather_301_small },
    { 301U, (ui_platform_image_variant_t) 2, &qweather_301_large },
    { 302U, (ui_platform_image_variant_t) 1, &qweather_302_small },
    { 302U, (ui_platform_image_variant_t) 2, &qweather_302_large },
    { 303U, (ui_platform_image_variant_t) 1, &qweather_303_small },
    { 303U, (ui_platform_image_variant_t) 2, &qweather_303_large },
    { 304U, (ui_platform_image_variant_t) 1, &qweather_304_small },
    { 304U, (ui_platform_image_variant_t) 2, &qweather_304_large },
    { 305U, (ui_platform_image_variant_t) 1, &qweather_305_small },
    { 305U, (ui_platform_image_variant_t) 2, &qweather_305_large },
    { 306U, (ui_platform_image_variant_t) 1, &qweather_306_small },
    { 306U, (ui_platform_image_variant_t) 2, &qweather_306_large },
    { 307U, (ui_platform_image_variant_t) 1, &qweather_307_small },
    { 307U, (ui_platform_image_variant_t) 2, &qweather_307_large },
    { 308U, (ui_platform_image_variant_t) 1, &qweather_308_small },
    { 308U, (ui_platform_image_variant_t) 2, &qweather_308_large },
    { 309U, (ui_platform_image_variant_t) 1, &qweather_309_small },
    { 309U, (ui_platform_image_variant_t) 2, &qweather_309_large },
    { 310U, (ui_platform_image_variant_t) 1, &qweather_310_small },
    { 310U, (ui_platform_image_variant_t) 2, &qweather_310_large },
    { 311U, (ui_platform_image_variant_t) 1, &qweather_311_small },
    { 311U, (ui_platform_image_variant_t) 2, &qweather_311_large },
    { 312U, (ui_platform_image_variant_t) 1, &qweather_312_small },
    { 312U, (ui_platform_image_variant_t) 2, &qweather_312_large },
    { 313U, (ui_platform_image_variant_t) 1, &qweather_313_small },
    { 313U, (ui_platform_image_variant_t) 2, &qweather_313_large },
    { 314U, (ui_platform_image_variant_t) 1, &qweather_314_small },
    { 314U, (ui_platform_image_variant_t) 2, &qweather_314_large },
    { 315U, (ui_platform_image_variant_t) 1, &qweather_315_small },
    { 315U, (ui_platform_image_variant_t) 2, &qweather_315_large },
    { 316U, (ui_platform_image_variant_t) 1, &qweather_316_small },
    { 316U, (ui_platform_image_variant_t) 2, &qweather_316_large },
    { 317U, (ui_platform_image_variant_t) 1, &qweather_317_small },
    { 317U, (ui_platform_image_variant_t) 2, &qweather_317_large },
    { 318U, (ui_platform_image_variant_t) 1, &qweather_318_small },
    { 318U, (ui_platform_image_variant_t) 2, &qweather_318_large },
    { 350U, (ui_platform_image_variant_t) 1, &qweather_350_small },
    { 350U, (ui_platform_image_variant_t) 2, &qweather_350_large },
    { 351U, (ui_platform_image_variant_t) 1, &qweather_351_small },
    { 351U, (ui_platform_image_variant_t) 2, &qweather_351_large },
    { 399U, (ui_platform_image_variant_t) 1, &qweather_399_small },
    { 399U, (ui_platform_image_variant_t) 2, &qweather_399_large },
    { 400U, (ui_platform_image_variant_t) 1, &qweather_400_small },
    { 400U, (ui_platform_image_variant_t) 2, &qweather_400_large },
    { 401U, (ui_platform_image_variant_t) 1, &qweather_401_small },
    { 401U, (ui_platform_image_variant_t) 2, &qweather_401_large },
    { 402U, (ui_platform_image_variant_t) 1, &qweather_402_small },
    { 402U, (ui_platform_image_variant_t) 2, &qweather_402_large },
    { 403U, (ui_platform_image_variant_t) 1, &qweather_403_small },
    { 403U, (ui_platform_image_variant_t) 2, &qweather_403_large },
    { 404U, (ui_platform_image_variant_t) 1, &qweather_404_small },
    { 404U, (ui_platform_image_variant_t) 2, &qweather_404_large },
    { 405U, (ui_platform_image_variant_t) 1, &qweather_405_small },
    { 405U, (ui_platform_image_variant_t) 2, &qweather_405_large },
    { 406U, (ui_platform_image_variant_t) 1, &qweather_406_small },
    { 406U, (ui_platform_image_variant_t) 2, &qweather_406_large },
    { 407U, (ui_platform_image_variant_t) 1, &qweather_407_small },
    { 407U, (ui_platform_image_variant_t) 2, &qweather_407_large },
    { 408U, (ui_platform_image_variant_t) 1, &qweather_408_small },
    { 408U, (ui_platform_image_variant_t) 2, &qweather_408_large },
    { 409U, (ui_platform_image_variant_t) 1, &qweather_409_small },
    { 409U, (ui_platform_image_variant_t) 2, &qweather_409_large },
    { 410U, (ui_platform_image_variant_t) 1, &qweather_410_small },
    { 410U, (ui_platform_image_variant_t) 2, &qweather_410_large },
    { 499U, (ui_platform_image_variant_t) 1, &qweather_499_small },
    { 499U, (ui_platform_image_variant_t) 2, &qweather_499_large },
    { 500U, (ui_platform_image_variant_t) 1, &qweather_500_small },
    { 500U, (ui_platform_image_variant_t) 2, &qweather_500_large },
    { 501U, (ui_platform_image_variant_t) 1, &qweather_501_small },
    { 501U, (ui_platform_image_variant_t) 2, &qweather_501_large },
    { 502U, (ui_platform_image_variant_t) 1, &qweather_502_small },
    { 502U, (ui_platform_image_variant_t) 2, &qweather_502_large },
    { 503U, (ui_platform_image_variant_t) 1, &qweather_503_small },
    { 503U, (ui_platform_image_variant_t) 2, &qweather_503_large },
    { 504U, (ui_platform_image_variant_t) 1, &qweather_504_small },
    { 504U, (ui_platform_image_variant_t) 2, &qweather_504_large },
    { 507U, (ui_platform_image_variant_t) 1, &qweather_507_small },
    { 507U, (ui_platform_image_variant_t) 2, &qweather_507_large },
    { 508U, (ui_platform_image_variant_t) 1, &qweather_508_small },
    { 508U, (ui_platform_image_variant_t) 2, &qweather_508_large },
    { 509U, (ui_platform_image_variant_t) 1, &qweather_509_small },
    { 509U, (ui_platform_image_variant_t) 2, &qweather_509_large },
    { 510U, (ui_platform_image_variant_t) 1, &qweather_510_small },
    { 510U, (ui_platform_image_variant_t) 2, &qweather_510_large },
    { 511U, (ui_platform_image_variant_t) 1, &qweather_511_small },
    { 511U, (ui_platform_image_variant_t) 2, &qweather_511_large },
    { 512U, (ui_platform_image_variant_t) 1, &qweather_512_small },
    { 512U, (ui_platform_image_variant_t) 2, &qweather_512_large },
    { 513U, (ui_platform_image_variant_t) 1, &qweather_513_small },
    { 513U, (ui_platform_image_variant_t) 2, &qweather_513_large },
};
const size_t qweather_i1_entry_count = sizeof(qweather_i1_entries) / sizeof(qweather_i1_entries[0]);
